adr_to_common_share_ratio,asset_uid,average_daily_volume_last_10_days,average_daily_volume_last_4_weeks,beta,buy_back_ttm,currency,current_ratio_mrq,diluted_eps_ttm,dividend_payout_ratio_fy,dividend_rate_ttm,dividend_yield_daily_ttm,dividends_per_share,domicile_indicator_code,ebitda_change_five_years,ebitda_ttm,eps_change_five_years,eps_ttm,ev_to_ebitda_mrq,ev_to_sales,ex_dividend_date,fiscal_period_end_date,fiscal_period_start_date,five_year_annual_dividend_growth_rate,five_year_annual_revenue_growth_rate,five_years_average_dividend_yield,fixed_charge_coverage_ratio_fy,forward_annual_dividend_yield,free_cash_flow_to_price,free_cash_flow_ttm,free_float,high_price_last_52_weeks,low_price_last_52_weeks,market_capitalization,net_debt_to_ebitda,net_income_ttm,net_interest_margin_mrq,net_margin_mrq,number_of_employees,one_year_annual_revenue_growth_rate,pe_ratio_ttm,price_to_book_ttm,price_to_free_cash_flow_ttm,price_to_sales_ttm,revenue_change_five_years,revenue_ttm,roa,roe,roic,shares_outstanding,three_year_annual_revenue_growth_rate,total_debt_change_five_years,total_debt_mrq,total_debt_to_ebitda_mrq,total_debt_to_equity_mrq,total_enterprise_value_mrq
0.0,f712e646-7c5d-4266-aabd-a18c9c65a7e2,1575.67,1285.36,1.0,0.0,RUB,0.0,0.0,0.0,0.0,0.0,0.0,,0.0,0.0,-18.9,597.53,0.0,0.0,2024-06-03T00:00:00+00:00,1970-01-01T00:00:00+00:00,1970-01-01T00:00:00+00:00,0.0,0.0,1.37,0.0,0.0,0.0,3964329000.0,0.1,43400.0,24260.0,361105130160.0,0.0,6889243000.0,0.0,6.36,0.0,-2.41,52.42,1.2,91.09,3.34,12.45,108271800000.0,1.46,2.26,0.0,11529538.0,0.0,-19.18,63814414000.0,0.0,21.14,392656286160.0
0.0,68af184b-07c1-4f27-8889-62d869f9dc0e,262129444.44,177876800.0,0.56,0.0,RUB,0.0,0.0,0.0,0.0,0.0,0.0,,0.0,0.0,-87.42,-0.01,0.0,0.0,2015-07-10T00:00:00+00:00,1970-01-01T00:00:00+00:00,1970-01-01T00:00:00+00:00,0.0,0.0,0.0,0.0,0.0,0.0,-179814000000.0,0.03,0.74,0.47,486010205824.64,0.0,-12356000000.0,0.0,-2.06,0.0,13.1,0.0,4.89,-2.7,0.81,53.4,599897000000.0,-0.54,-15.4,0.0,1009366990290.0,4.8,64.31,828345000000.0,0.0,833.67,1032320205824.64
0.0,8c1ee6c2-b233-492a-844b-871ad85296f0,133587.33,108427.6,0.56,0.0,RUB,0.0,0.0,0.0,104.0,18.19,104.0,,0.0,0.0,0.0,0.0,0.0,0.0,2025-12-12T00:00:00+00:00,1970-01-01T00:00:00+00:00,1970-01-01T00:00:00+00:00,0.0,0.0,14.21,0.0,0.0,0.0,0.0,0.37,764.8,477.4,44396452084.0,0.0,0.0,0.0,0.0,0.0,12.24,0.0,4.04,0.0,0.0,0.0,0.0,21.11,28.68,0.0,77670490.0,0.0,0.0,0.0,0.0,0.0,0.0
0.0,f0a6fe09-3981-4501-a8f5-91821935e4d4,3126634.78,2257531.24,0.71,0.0,RUB,0.0,0.0,0.0,0.0,0.0,0.0,,0.0,6212000000.0,0.0,-364.24,39.45,0.0,1970-01-01T00:00:00+00:00,1970-01-01T00:00:00+00:00,1970-01-01T00:00:00+00:00,0.0,0.0,0.0,0.0,0.0,0.0,-39098000000.0,0.2,366.5,230.6,179490879594.0,10.56,-83002000000.0,0.0,-55.35,0.0,11.15,0.0,1.25,-4.59,1.2,0.0,149952000000.0,-23.74,-82.56,0.0,572904180.0,0.0,0.0,103338000000.0,0.0,72.06,245083879594.0
0.0,4833e124-265f-4879-adc8-58bdf983f54e,204986.44,264009.52,0.61,0.0,RUB,0.0,0.0,0.0,0.0,0.0,0.0,,85.11,306951000000.0,363.54,265.27,2.47,0.0,2024-07-15T00:00:00+00:00,1970-01-01T00:00:00+00:00,1970-01-01T00:00:00+00:00,0.0,0.0,8.64,0.0,0.0,0.0,-80000349000.0,0.67,5470.0,2781.5,323670463480.0,1.42,27034086000.0,0.0,0.83,0.0,19.6,11.97,1.76,-4.05,0.1,122.36,3256598788000.0,1.75,15.68,0.0,101911355.0,17.92,108.82,505769394000.0,0.0,274.84,758233902480.0
0.0,57f975c5-abf2-4660-a2d8-82fd070896f0,406.29,387.58,0.56,0.0,RUB,0.0,0.0,0.0,0.0,0.0,0.0,,0.0,0.0,-660.43,-254.56,0.0,0.0,1970-01-01T00:00:00+00:00,1970-01-01T00:00:00+00:00,1970-01-01T00:00:00+00:00,0.0,0.0,0.0,0.0,0.0,0.0,-5678354000.0,0.0,550.0,212.0,1568797546.6,0.0,-1612235000.0,0.0,-7.03,0.0,24.0,0.0,0.18,-0.28,0.07,28.35,22923844000.0,-3.15,-17.79,0.0,6333458.0,0.0,86.66,15212004000.0,0.0,175.61,14446465546.6
0.0,dca70560-9c9f-4fff-98e8-ba7dc78da7cc,5384402.33,4270349.8,0.84,0.0,RUB,0.0,0.0,0.0,0.0,0.0,0.0,,0.0,3240695000.0,0.0,-18.7,7.04,0.0,2024-12-06T00:00:00+00:00,1970-01-01T00:00:00+00:00,1970-01-01T00:00:00+00:00,0.0,0.0,6.04,0.0,0.0,0.0,-3897682000.0,0.32,242.86,76.4,10257208162.88,3.88,-2082903000.0,0.0,-16.58,0.0,33.3,0.0,1.78,-2.63,0.82,0.0,12564696000.0,-9.35,-31.95,0.0,111382432.0,0.0,0.0,13521305000.0,0.0,234.81,22819363162.88
0.0,27cee80c-18f8-450f-a1a2-8b0002f40358,14908356333.33,6444640080.0,0.48,0.0,RUB,0.0,0.0,0.0,0.0,0.0,0.0,,99.76,35612000000.0,-3.35,0.05,7.07,0.0,1970-01-01T00:00:00+00:00,1970-01-01T00:00:00+00:00,1970-01-01T00:00:00+00:00,0.0,0.0,0.0,0.0,0.0,0.0,-8387000000.0,0.11,1.09,0.46,177309685960.49,2.09,10709000000.0,0.0,12.47,0.0,11.95,16.56,3.2,-21.14,2.06,83.44,85910000000.0,6.97,21.57,0.0,222778849052.0,10.84,414.56,76011000000.0,0.0,137.2,251846685960.49
0.0,c6afcf42-d81f-4c8a-86de-aa302b20f171,4011.44,3049.36,0.5,0.0,RUB,0.0,0.0,0.0,0.0,0.0,0.0,,0.0,0.0,-96.95,42.09,0.0,0.0,2024-12-27T00:00:00+00:00,1970-01-01T00:00:00+00:00,1970-01-01T00:00:00+00:00,0.0,0.0,30.73,0.0,0.0,0.0,77000000.0,0.05,16000.0,3400.0,7548786000.0,0.0,48000000.0,0.0,0.0,0.0,0.0,157.27,23.81,98.04,0.0,0.0,0.0,3.5,4.27,0.0,1140300.0,0.0,-80.2,99000000.0,0.0,31.23,7133786000.0
0.0,d4e13625-5533-401e-8027-6e6d8305aa36,59506181.11,32369564.4,0.58,0.0,RUB,0.0,0.0,0.0,0.0,0.0,0.0,,151.45,31027232000.0,-703.25,-10.09,6.07,0.0,2024-10-11T00:00:00+00:00,1970-01-01T00:00:00+00:00,1970-01-01T00:00:00+00:00,0.0,0.0,10.49,0.0,0.0,0.0,-28813821000.0,0.25,69.66,39.54,59832700000.0,4.14,-10390669000.0,0.0,-13.3,0.0,5.92,0.0,4.3,-2.08,0.77,168.62,78139671000.0,-5.67,-64.1,0.0,1030000000.0,18.52,260.61,136083765000.0,0.0,976.96,188416619000.0
0.0,fdc25807-6e48-4ae8-997f-400164c322d8,3116.71,2672.95,0.45,0.0,RUB,0.0,0.0,0.0,0.0,0.0,0.0,,0.0,0.0,-107.61,-2.55,0.0,0.0,1970-01-01T00:00:00+00:00,1970-01-01T00:00:00+00:00,1970-01-01T00:00:00+00:00,0.0,0.0,0.0,0.0,0.0,0.0,13387000000.0,0.0,65.0,28.5,143863241880.0,0.0,-12105000000.0,0.0,-2.98,0.0,15.7,0.0,0.46,10.75,0.35,44.45,405587000000.0,-1.6,-3.81,0.0,4754238000.0,12.34,0.0,0.0,0.0,0.0,0.0
0.0,447f6b00-b6ea-4f47-8cd8-eb23d1d71647,1375255.56,987576.0,0.79,0.0,RUB,0.0,0.0,0.0,0.0,0.0,0.0,,0.0,0.0,901.39,0.69,0.0,0.0,1970-01-01T00:00:00+00:00,1970-01-01T00:00:00+00:00,1970-01-01T00:00:00+00:00,0.0,0.0,0.0,0.0,0.0,0.0,157365000.0,0.0,5.6,3.54,3698524229.4,0.0,576549000.0,0.0,3.48,0.0,38.39,6.41,1.42,23.5,0.22,252.54,16563193000.0,8.86,24.63,0.0,838287450.0,19.2,-42.26,2402000.0,0.0,0.09,3684101229.4
0.0,1128b5b8-9256-4788-94be-27bbe9a898d4,1428488.89,1233372.0,0.04,0.0,RUB,0.0,0.0,0.0,0.08,5.21,0.08,,0.0,0.0,0.0,-0.07,0.0,0.0,2025-12-10T00:00:00+00:00,1970-01-01T00:00:00+00:00,1970-01-01T00:00:00+00:00,0.0,0.0,4.33,0.0,0.0,0.0,0.0,0.11,1.99,1.4,4478540583.03,0.0,-149779000.0,0.0,0.0,0.0,15.93,0.0,0.84,0.0,1.37,0.0,3263652000.0,-1.69,-3.3,0.0,2917616015.0,8.31,0.0,0.0,0.0,0.0,0.0
0.0,7d1ad8e7-9a2d-48fe-8c62-c92564d54e11,69285541.11,70863744.0,0.74,0.0,RUB,0.0,0.0,0.0,0.0,0.0,0.0,,121.08,132235016600.07,19.57,0.98,8.71,0.0,2022-10-19T00:00:00+00:00,1970-01-01T00:00:00+00:00,1970-01-01T00:00:00+00:00,0.0,0.0,3.65,0.0,0.0,0.0,17379567204.11,0.18,44.0,27.6,571789114331.37,4.38,15508929967.27,0.0,1.23,0.0,7.46,36.87,0.6,32.9,0.45,77.85,1257609884786.43,0.77,1.49,0.0,15193014862.0,8.17,57.28,667609998000.0,0.0,70.29,1151122049831.37
0.0,11da2c0b-9bf5-4801-9da8-998b329254de,117354.44,63985.6,0.81,0.0,RUB,0.0,0.0,38.59,23.71,4.43,23.71,,340.17,4818073000.0,552.66,61.45,6.41,0.0,2025-12-19T00:00:00+00:00,1970-01-01T00:00:00+00:00,1970-01-01T00:00:00+00:00,0.0,0.0,5.42,0.0,0.0,0.0,2679985000.0,0.19,1063.5,390.0,36164395000.0,-1.1,4153646000.0,0.0,52.81,0.0,20.73,8.71,2.22,13.49,4.6,-39.82,7865756000.0,23.16,25.99,0.0,67597000.0,20.51,-97.78,34440000.0,0.0,0.21,30877290000.0
0.0,3941418c-804d-4f5f-8da5-c1867b83e6d7,6755.0,4163.11,0.3,0.0,RUB,0.0,0.0,0.0,0.0,0.0,0.0,,0.0,0.0,0.0,0.0,0.0,0.0,1970-01-01T00:00:00+00:00,1970-01-01T00:00:00+00:00,1970-01-01T00:00:00+00:00,0.0,0.0,0.0,0.0,0.0,0.0,0.0,0.0,108.79,53.12,52823224680.0,0.0,0.0,0.0,0.0,0.0,0.0,0.0,0.0,0.0,0.0,0.0,0.0,0.0,0.0,0.0,880387078.0,0.0,0.0,0.0,0.0,0.0,0.0
0.0,f924d7df-b6d0-4e36-9bf7-f38aaac2ce53,10821952.22,8701154.4,0.71,0.0,RUB,0.0,0.0,0.0,0.0,0.0,0.0,,-26.54,51632000000.0,-69.32,3.15,8.12,0.0,2024-10-18T00:00:00+00:00,1970-01-01T00:00:00+00:00,1970-01-01T00:00:00+00:00,0.0,0.0,7.35,0.0,0.0,0.0,-53067000000.0,0.34,65.48,37.72,302184539798.9,2.27,23218000000.0,0.0,11.98,0.0,-25.89,13.02,0.74,-5.69,1.56,2.67,193856000000.0,3.61,5.88,0.0,7364965630.0,-10.37,17.57,177652000000.0,0.0,43.25,419194539798.9
0.0,8825caa4-258d-4965-881c-33d70c3e5fc6,15206.78,16971.64,0.39,0.0,RUB,0.0,0.0,0.0,151.3,8.85,151.3,,0.0,0.0,0.0,0.0,0.0,0.0,2025-12-22T00:00:00+00:00,1970-01-01T00:00:00+00:00,1970-01-01T00:00:00+00:00,0.0,0.0,4.47,0.0,0.0,0.0,0.0,0.07,4413.0,1655.0,17944500000.0,0.0,0.0,0.0,0.0,0.0,0.0,0.0,2.91,0.0,0.0,0.0,0.0,0.0,0.0,0.0,10500000.0,0.0,0.0,595035000.0,0.0,9.65,17993540000.0
0.0,9da0b54d-f8dd-4e75-9081-ec0b8257775c,1414377.11,1174614.32,0.74,0.0,RUB,0.0,0.0,67.48,65.59,11.69,65.59,,64.5,396200000000.0,60.22,97.19,3.1,0.0,2026-01-09T00:00:00+00:00,1970-01-01T00:00:00+00:00,1970-01-01T00:00:00+00:00,0.0,0.0,10.4,0.0,0.0,0.0,165945000000.0,0.32,769.8,511.1,1222027613630.0,0.02,211753000000.0,0.0,10.71,0.0,27.77,5.77,0.96,7.36,0.62,117.78,1977399000000.0,9.92,16.31,0.0,2178690700.0,17.07,-67.8,66925000000.0,0.0,5.25,1228373613630.0
0.0,12b02d9e-99f9-4a74-938c-0cc6ca7d0e8f,24479254.43,13454526.58,0.56,0.0,RUB,0.0,0.0,0.0,0.0,0.0,0.0,,0.0,0.0,0.0,0.09,0.0,0.0,1970-01-01T00:00:00+00:00,1970-01-01T00:00:00+00:00,1970-01-01T00:00:00+00:00,0.0,0.0,0.0,0.0,0.0,0.0,0.0,0.0,0.33,0.05,104352850.0,0.0,106377000.0,0.0,-101.04,0.0,-52.04,0.98,0.09,0.0,-0.99,0.0,-105281000.0,6.89,9.68,0.0,1169875000.0,0.0,0.0,9558000.0,0.0,0.83,85457850.0
0.0,90d90ce6-3fb7-4eba-bf7e-d02163ecaae2,4762354.44,3492954.4,0.68,0.0,RUB,0.0,0.0,38.37,2.71,4.1,2.71,,0.0,0.0,46.05,7.06,0.0,0.0,2025-08-13T00:00:00+00:00,1970-01-01T00:00:00+00:00,1970-01-01T00:00:00+00:00,0.0,0.0,5.81,0.0,0.0,0.0,-31534000000.0,0.29,80.92,51.55,216973333127.61,0.0,23185000000.0,0.0,2.77,0.0,10.19,9.36,0.77,-6.88,0.26,131.15,836214000000.0,1.68,8.34,0.0,3282997929.0,10.37,137.08,623126000000.0,0.0,221.67,815204333127.61
0.0,8aab3ce5-5196-4258-b8e6-62ee7c0e2f16,148558.11,92528.72,0.49,0.0,RUB,0.0,0.0,0.0,0.0,0.0,0.0,,0.0,10312120000.0,0.0,20.18,10.35,0.0,1970-01-01T00:00:00+00:00,1970-01-01T00:00:00+00:00,1970-01-01T00:00:00+00:00,0.0,0.0,0.0,0.0,0.0,0.0,-3294207000.0,0.07,505.0,343.3,86689375000.0,1.95,4288536000.0,0.0,15.72,0.0,35.39,20.21,4.12,-26.32,3.18,0.0,27288942000.0,8.63,24.42,0.0,212500000.0,9.42,0.0,22687641000.0,0.0,107.9,106781884000.0
0.0,d0952a9f-7886-4061-8807-a7a1ac5d6f8e,88225655555.56,42498020000.0,0.74,0.0,RUB,0.0,0.0,61.41,0.0,10.01,0.0,,124.66,0.0,493.54,0.0,0.0,0.0,2025-05-26T00:00:00+00:00,1970-01-01T00:00:00+00:00,1970-01-01T00:00:00+00:00,0.0,0.0,9.49,0.0,0.0,0.0,-2566726000.0,0.09,0.01,0.0,9342665790.7,0.0,1522849000.0,0.0,7.36,0.0,13.83,6.13,1.42,-3.64,0.45,50.14,20683397000.0,5.86,22.69,0.0,1357945609114.0,14.0,246.05,22277941000.0,0.0,339.14,20502140790.7
0.0,8557fdd0-e5ec-4bae-8556-40aa79d9da77,213132.11,183504.36,0.0,0.0,RUB,0.0,0.0,0.0,0.0,0.0,0.0,,0.0,0.0,0.0,0.0,0.0,0.0,1970-01-01T00:00:00+00:00,1970-01-01T00:00:00+00:00,1970-01-01T00:00:00+00:00,0.0,0.0,0.0,0.0,0.0,0.0,0.0,0.1,2150.0,1696.0,372963279029.4,0.0,69980000000.0,0.0,0.0,0.0,118.83,5.33,0.9,0.0,0.44,827.8,845615000000.0,1.27,17.95,0.0,179888718.0,80.0,0.0,0.0,0.0,0.0,0.0
0.0,0c0f20b3-82ca-4f0c-afbd-6df987e5ac4e,4143004.78,2485476.32,0.9,0.0,RUB,0.0,0.0,0.0,0.0,0.0,0.0,,179.49,62262915000.0,0.0,38.56,4.28,0.0,1970-01-01T00:00:00+00:00,1970-01-01T00:00:00+00:00,1970-01-01T00:00:00+00:00,0.0,0.0,0.0,0.0,0.0,0.0,-15845540000.0,0.2,244.5,94.78,124196423184.0,2.28,36966104000.0,0.0,9.31,0.0,37.07,3.36,0.53,-7.84,0.31,149.13,397191781000.0,8.38,18.17,0.0,958749600.0,15.86,60.03,169468494000.0,0.0,72.95,266250028184.0
0.0,525ea1a3-e44e-4a99-baab-7f71e70a604a,3634.67,4267.16,0.53,0.0,RUB,0.0,0.0,38.65,98.92,2.78,98.92,,124.81,43944000000.0,199.7,255.93,6.65,0.0,2025-04-07T00:00:00+00:00,1970-01-01T00:00:00+00:00,1970-01-01T00:00:00+00:00,0.0,0.0,5.09,0.0,0.0,0.0,-8316000000.0,0.03,4745.0,2911.0,150099359310.0,3.24,10806000000.0,0.0,3.97,0.0,14.37,13.89,1.17,-18.05,0.55,115.87,272329000000.0,3.35,8.52,0.0,42222042.0,17.96,123.8,153837000000.0,0.0,120.26,292321359310.0
0.0,3b1e4438-02bf-49c7-bb0d-31919a8f211f,2658487.22,2986466.52,0.59,0.0,RUB,0.0,0.0,0.0,0.0,0.0,0.0,,287.63,44171000000.0,1.36,11.4,0.0,0.0,1970-01-01T00:00:00+00:00,1970-01-01T00:00:00+00:00,1970-01-01T00:00:00+00:00,0.0,0.0,0.0,0.0,0.0,0.0,4426000000.0,0.13,61.68,28.24,89268803911.68,0.0,33129000000.0,0.0,25.89,0.0,76.74,2.69,1.22,20.17,0.7,124.84,127974000000.0,31.82,57.5,0.0,2905885544.0,0.0,0.0,0.0,0.0,0.0,0.0
0.0,6ac8aa3a-2e68-42d4-9627-b1d7e3171945,89067333.33,103278720.0,0.39,0.0,RUB,0.0,0.0,0.0,0.0,0.0,0.0,,95.4,46871000000.0,0.0,0.17,1.4,0.0,1970-01-01T00:00:00+00:00,1970-01-01T00:00:00+00:00,1970-01-01T00:00:00+00:00,0.0,0.0,0.0,0.0,0.0,0.0,17433000000.0,0.16,0.57,0.55,55980000000.0,0.21,17000000000.0,0.0,5.4,0.0,7.91,3.29,1.05,3.21,0.18,120.42,314763000000.0,12.66,30.22,0.0,100000000000.0,10.97,260.89,12332000000.0,0.0,23.04,65784000000.0
0.0,3c04b636-d74a-4d8a-947a-1764a8c2485e,38926.67,27413.2,0.56,0.0,RUB,0.0,0.0,12.57,2.93,3.59,2.93,,0.0,0.0,28.0,23.31,0.0,0.0,2025-07-01T00:00:00+00:00,1970-01-01T00:00:00+00:00,1970-01-01T00:00:00+00:00,0.0,0.0,4.16,0.0,0.0,0.0,0.0,0.19,104.4,76.0,131639615200.0,0.0,37560000000.0,0.0,13.15,0.0,14.19,3.5,0.37,0.0,0.46,50.7,285633000000.0,6.31,11.1,0.0,1611256000.0,0.0,263.41,194927000000.0,0.0,54.94,300678615200.0
0.0,9809ead1-938d-4834-988b-1742afa94ff4,14592.22,11401.2,0.64,0.0,RUB,0.0,0.0,21.36,6.95,1.87,6.95,,0.0,0.0,630.33,32.52,0.0,0.0,2025-06-27T00:00:00+00:00,1970-01-01T00:00:00+00:00,1970-01-01T00:00:00+00:00,0.0,0.0,3.09,0.0,0.0,0.0,531168000.0,0.0,521.0,286.5,20888180928.0,0.0,1826068000.0,0.0,5.37,0.0,6.91,11.44,2.55,39.32,0.61,28.49,34034002000.0,14.55,22.17,0.0,56151024.0,3.93,0.0,0.0,0.0,0.0,0.0
0.0,d0a04b4e-3fb8-447e-9f08-c8a856784e90,54749.0,43961.92,0.8,0.0,RUB,0.0,0.0,32.5,89.31,6.52,89.31,,0.0,0.0,489.81,274.8,0.0,0.0,2025-07-11T00:00:00+00:00,1970-01-01T00:00:00+00:00,1970-01-01T00:00:00+00:00,0.0,0.0,7.59,0.0,0.0,0.0,0.0,0.12,1715.0,1123.0,51411492690.0,0.0,9979265000.0,0.0,0.0,0.0,39.59,5.15,0.42,0.0,0.34,315.97,149650688000.0,1.5,8.84,0.0,37526637.0,37.25,0.0,0.0,0.0,0.0,0.0
0.0,d68f33b3-76d9-423b-a656-b2580cb0c9f2,6712498.89,4284186.0,0.52,0.0,RUB,0.0,0.0,95.0,26.11,14.47,26.11,,0.0,0.0,292.3,27.49,0.0,0.0,2025-07-10T00:00:00+00:00,1970-01-01T00:00:00+00:00,1970-01-01T00:00:00+00:00,0.0,0.0,7.07,0.0,0.0,0.0,0.0,0.65,244.46,154.1,410753879081.52,0.0,62567400000.0,0.0,0.0,0.0,45.17,6.56,1.62,0.0,2.95,290.75,139464800000.0,0.56,24.55,0.0,2276401458.0,40.72,0.0,0.0,0.0,0.0,0.0
0.0,310de6ec-ca06-4718-bbe2-893abebbe4b5,329.29,470.79,0.13,0.0,RUB,0.0,0.0,0.0,0.0,0.0,0.0,,0.0,0.0,-54.39,3.68,0.0,0.0,2025-01-09T00:00:00+00:00,1970-01-01T00:00:00+00:00,1970-01-01T00:00:00+00:00,0.0,0.0,6.4,0.0,0.0,0.0,26651833000.0,0.0,269.99,120.44,40449644308.48,0.0,1056102000.0,0.0,4.66,0.0,-47.94,38.3,0.34,1.52,1.78,-1.6,22662217000.0,0.59,0.92,0.0,286836224.0,0.0,0.0,0.0,0.0,0.0,0.0
0.0,56195dde-fd1a-4026-b8e0-42dbda342c7c,35324911.11,30104524.0,0.54,0.0,RUB,0.0,0.0,2.43,0.9,4.09,0.9,,0.0,0.0,55.48,37.01,0.0,0.0,2025-07-17T00:00:00+00:00,1970-01-01T00:00:00+00:00,1970-01-01T00:00:00+00:00,0.0,0.0,2.82,0.0,0.0,0.0,330143000000.0,0.25,30.37,19.56,785971883510.0,0.0,1322113000000.0,0.0,58.88,0.0,-4.67,0.59,0.11,2.38,0.35,44.31,2245468000000.0,18.08,20.35,0.0,35725994705.0,27.82,0.0,0.0,0.0,0.0,0.0
0.0,c14ab000-c378-432d-9686-1055170a4c3d,1641694.44,1555631.12,0.85,0.0,RUB,0.0,0.0,0.0,0.0,0.0,0.0,,37.45,77088000000.0,-36.46,30.04,10.45,0.0,2021-05-14T00:00:00+00:00,1970-01-01T00:00:00+00:00,1970-01-01T00:00:00+00:00,0.0,0.0,4.2,0.0,0.0,0.0,-92993000000.0,0.21,828.4,359.7,313273890259.2,6.38,19844000000.0,0.0,2.69,0.0,15.34,15.79,0.76,-3.37,0.42,140.54,738360000000.0,1.25,5.01,0.0,660497344.0,11.44,364.91,720849000000.0,0.0,175.03,805394890259.2
0.0,47ba7e01-8f52-4723-90e5-3ea379b9ccae,2919552.44,2340111.56,0.65,0.0,RUB,0.0,0.0,40.9,26.24,6.6,26.24,,43.9,2349000000000.0,66.58,64.16,0.0,0.0,2026-01-12T00:00:00+00:00,1970-01-01T00:00:00+00:00,1970-01-01T00:00:00+00:00,0.0,0.0,7.38,0.0,0.0,0.0,0.0,0.11,615.0,362.6,4210656046694.1,0.0,680000000000.0,0.0,7.74,0.0,10.65,6.19,0.46,0.0,0.48,16.86,8782000000000.0,3.31,7.43,0.0,10598177817.0,4.99,0.0,0.0,0.0,0.0,0.0
0.0,2ae31189-187c-49cb-a133-3534a7dfae95,1141399.56,2272358.68,0.49,0.0,RUB,0.0,0.0,84.03,34.54,24.0,34.54,,791.9,20458014000.0,-829.93,41.1,2.91,0.0,2026-01-14T00:00:00+00:00,1970-01-01T00:00:00+00:00,1970-01-01T00:00:00+00:00,0.0,0.0,22.02,0.0,0.0,0.0,9160979000.0,0.32,151.85,110.05,22901492893.5,1.79,6541678000.0,0.0,3.1,0.0,46.88,3.5,0.68,2.5,0.11,449.62,211034990000.0,6.29,20.64,0.0,159148665.0,56.12,38.29,36807492000.0,0.0,109.12,59486710893.5
0.0,d2ebca50-7e7c-4255-b269-77b2ff1723e1,42081111.11,45770800.0,0.71,0.0,RUB,0.0,0.0,34.23,0.04,7.54,0.04,,135.05,27179689000.0,358.17,0.11,2.42,0.0,2025-07-07T00:00:00+00:00,1970-01-01T00:00:00+00:00,1970-01-01T00:00:00+00:00,0.0,0.0,11.0,0.0,0.0,0.0,-2759149000.0,0.13,0.53,0.31,43365520912.66,0.82,9555711000.0,0.0,7.74,0.0,8.67,4.54,0.56,-15.72,0.35,8.62,123384277000.0,6.82,13.21,0.0,87430485711.0,6.11,44.38,29860611000.0,0.0,38.87,65702121912.66
0.0,9b9cb779-d2c7-4e49-a6c3-5be1e08d9439,517771.67,434826.68,1.02,0.0,RUB,0.0,0.0,0.0,0.0,0.0,0.0,,96.71,267866993994.43,47.77,103.24,4.14,0.0,1970-01-01T00:00:00+00:00,1970-01-01T00:00:00+00:00,1970-01-01T00:00:00+00:00,0.0,0.0,0.0,0.0,0.0,0.0,73134650360.13,0.14,569.45,338.7,304283729164.8,3.0,67031702394.99,0.0,4.47,0.0,8.63,4.54,0.27,4.16,0.2,78.18,1498617054780.3,2.66,5.79,0.0,638848896.0,9.23,41.03,911882438500.0,0.0,82.18,1107958106164.8
0.0,4393bdb6-9017-466e-a3bb-ddb55d24159f,1201516.56,1134833.0,0.64,0.0,RUB,0.0,0.0,22.94,136.0,4.09,136.0,,0.0,0.0,135.33,592.89,0.0,0.0,2026-01-07T00:00:00+00:00,1970-01-01T00:00:00+00:00,1970-01-01T00:00:00+00:00,0.0,0.0,2.84,0.0,0.0,0.0,0.0,0.56,3685.0,2810.0,891262494049.2,0.0,159057000000.0,0.0,0.0,0.0,79.49,5.6,1.19,0.0,0.7,441.49,1274410000000.0,3.08,25.95,0.0,268274786.0,45.93,0.0,0.0,0.0,0.0,0.0
0.0,457f79df-ad5b-4578-8c20-c5e066f5f1d6,268446666.67,201885600.0,0.49,0.0,RUB,0.0,0.0,16.62,0.01,4.71,0.01,,53.19,21085824000.0,-7.24,0.04,1.44,0.0,2025-07-09T00:00:00+00:00,1970-01-01T00:00:00+00:00,1970-01-01T00:00:00+00:00,0.0,0.0,6.33,0.0,0.0,0.0,3683535000.0,0.2,0.16,0.06,29602011112.67,0.04,8383327000.0,0.0,7.25,0.0,8.26,3.53,0.58,8.04,0.26,32.45,115697753000.0,10.14,17.79,0.0,188307958732.0,8.72,45.54,5894136000.0,0.0,11.58,30420880112.67
0.0,06a5a7c2-9aa6-4397-b7a0-22ea58d05633,92000.0,77408.0,0.45,0.0,RUB,0.0,0.0,0.0,0.0,0.0,0.0,,0.0,0.0,-95.11,0.92,0.0,0.0,2024-07-01T00:00:00+00:00,1970-01-01T00:00:00+00:00,1970-01-01T00:00:00+00:00,0.0,0.0,13.96,0.0,0.0,0.0,-77192000.0,0.11,12.92,9.18,1565293140.0,0.0,152852000.0,0.0,12.38,0.0,-2.24,10.24,1.66,-20.28,1.27,-39.27,1234217000.0,12.08,17.01,0.0,166167000.0,-4.85,0.0,0.0,0.0,0.0,0.0
0.0,3ff1e12d-21d6-41cd-9b79-55ba1cc43751,1514841.22,1066032.24,0.73,0.0,RUB,0.0,0.0,25.67,1.0,1.31,1.0,,0.0,15604501000.0,0.0,3.9,2.66,0.0,2025-09-12T00:00:00+00:00,1970-01-01T00:00:00+00:00,1970-01-01T00:00:00+00:00,0.0,0.0,1.3,0.0,0.0,0.0,12522608000.0,0.13,115.0,60.01,38025000000.0,0.22,1947614000.0,0.0,1.06,0.0,0.0,19.52,10.51,3.04,0.21,0.0,184098514000.0,2.7,84.08,0.0,500000000.0,0.0,0.0,13040883000.0,0.0,360.44,41469473000.0
0.0,230001ee-23df-40d3-a70c-22214e8c3298,124509.22,78198.44,0.51,0.0,RUB,0.0,0.0,243.54,70.0,12.47,70.0,,0.0,0.0,176.72,28.74,0.0,0.0,2025-06-11T00:00:00+00:00,1970-01-01T00:00:00+00:00,1970-01-01T00:00:00+00:00,0.0,0.0,8.12,0.0,0.0,0.0,-2053000000.0,0.17,849.0,447.0,17679389561.5,0.0,905000000.0,0.0,1.24,0.0,11.51,19.54,0.82,-8.61,0.24,58.65,73133000000.0,1.07,3.91,0.0,31486001.0,0.02,98.8,8537000000.0,0.0,39.58,8544389561.5
0.0,a3b3c0d2-2f77-4337-90a4-51ab3f66e7b3,901197.78,459926.8,0.49,0.0,RUB,0.0,0.0,0.0,0.0,0.0,0.0,,0.0,12023000000.0,-137.39,-47.86,18.85,0.0,2024-07-16T00:00:00+00:00,1970-01-01T00:00:00+00:00,1970-01-01T00:00:00+00:00,0.0,0.0,1.61,0.0,0.0,0.0,-26321000000.0,0.04,143.2,79.2,64499335780.8,13.49,-33848000000.0,0.0,-9.4,0.0,6.3,0.0,0.71,-2.45,0.18,106.73,360030000000.0,-6.3,-30.38,0.0,707229559.0,13.5,124.24,220902000000.0,0.0,244.72,226641335780.8
0.0,2cfc56d8-7754-4727-9322-8330aabbcf63,80164.44,59376.0,0.38,0.0,RUB,0.0,0.0,65.97,4.15,5.95,4.15,,0.0,0.0,-10.69,6.29,0.0,0.0,2025-07-10T00:00:00+00:00,1970-01-01T00:00:00+00:00,1970-01-01T00:00:00+00:00,0.0,0.0,6.4,0.0,0.0,0.0,0.0,0.18,98.9,60.4,124422445800.0,0.0,11229000000.0,0.0,10.22,0.0,5.35,11.08,0.88,0.0,1.13,44.53,109863000000.0,5.83,7.99,0.0,1785114000.0,0.0,0.0,35000000000.0,0.0,24.82,149765445800.0
0.0,24f49137-a396-4344-b793-78c199ad7b1c,29488444.44,29379600.0,0.55,0.0,RUB,0.0,0.0,0.0,0.0,0.0,0.0,,0.0,0.0,407.17,0.13,0.0,0.0,2020-07-08T00:00:00+00:00,1970-01-01T00:00:00+00:00,1970-01-01T00:00:00+00:00,0.0,0.0,8.2,0.0,0.0,0.0,0.0,0.29,0.6,0.44,17983073131.31,0.0,4685660000.0,0.0,6.0,0.0,12.73,3.84,0.47,0.0,0.23,4.13,78114409000.0,6.46,13.1,0.0,35371898370.0,12.42,96.4,22795132000.0,0.0,60.2,37012596131.31
0.0,911552ef-a892-4b33-9df1-c0d6c4a2307d,120115.22,99029.92,0.51,0.0,RUB,0.0,0.0,54.03,233.0,8.03,233.0,,493.64,20715251000.0,1521.13,431.25,6.27,0.0,2025-09-26T00:00:00+00:00,1970-01-01T00:00:00+00:00,1970-01-01T00:00:00+00:00,0.0,0.0,14.51,0.0,0.0,0.0,20471977000.0,0.42,3921.0,2727.0,136836262200.0,-0.34,20348426000.0,0.0,49.43,0.0,34.53,6.72,15.12,6.68,3.32,408.67,41164819000.0,58.37,139.57,0.0,47184918.0,35.38,-70.51,10365921000.0,0.0,114.55,129794856200.0
0.0,f452d0ba-d2a1-4f36-bf1c-5d87c3215240,4053461.33,3109163.48,0.7,0.0,RUB,0.0,0.0,0.0,0.0,0.0,0.0,,0.0,0.0,0.0,0.0,0.0,0.0,1970-01-01T00:00:00+00:00,1970-01-01T00:00:00+00:00,1970-01-01T00:00:00+00:00,0.0,0.0,0.0,0.0,0.0,0.0,0.0,0.44,77.5,36.82,15406834645.16,0.0,0.0,0.0,0.0,0.0,0.0,0.0,0.28,0.0,0.0,0.0,0.0,0.0,0.0,0.0,383445362.0,0.0,0.0,205255000000.0,0.0,367.54,215017834645.16
0.0,500bc62d-f78e-46d3-baf7-fbc9fb905ddd,2304520.33,1293334.88,0.94,0.0,RUB,0.0,0.0,0.0,0.0,0.0,0.0,,1351.63,107709000000.0,843.88,85.79,6.79,0.0,2022-10-11T00:00:00+00:00,1970-01-01T00:00:00+00:00,1970-01-01T00:00:00+00:00,0.0,0.0,3.42,0.0,0.0,0.0,-240636000000.0,0.33,1550.0,839.5,54497731830.0,6.29,5283000000.0,0.0,1.56,0.0,32.38,10.32,0.97,-0.23,0.16,562.93,339201000000.0,0.55,10.02,0.0,61579358.0,53.9,3555.99,703918000000.0,0.0,1253.24,731869731830.0
0.0,40d89385-a03a-4659-bf4e-d3ecba011782,18752656.78,15539008.16,0.5,0.0,RUB,0.0,0.0,45.3,34.84,11.43,34.84,,0.0,0.0,87.02,76.92,0.0,0.0,2025-07-18T00:00:00+00:00,1970-01-01T00:00:00+00:00,1970-01-01T00:00:00+00:00,0.0,0.0,9.15,0.0,0.0,0.0,0.0,0.48,329.77,275.34,6581428706240.0,0.0,1660400000000.0,0.0,0.0,0.0,55.49,3.96,0.84,0.0,0.61,181.25,10726500000000.0,2.71,22.54,0.0,21586948000.0,33.48,0.0,0.0,0.0,0.0,0.0
0.0,b862bb3d-bf45-4d43-9c61-ecdb480060fa,387567.78,349771.6,0.55,0.0,RUB,0.0,0.0,0.0,0.0,0.0,0.0,,0.0,0.0,0.0,-1.64,0.0,0.0,1970-01-01T00:00:00+00:00,1970-01-01T00:00:00+00:00,1970-01-01T00:00:00+00:00,0.0,0.0,0.0,0.0,0.0,0.0,-60597000.0,0.0,34.9,22.76,2295900000.0,0.0,-136347000.0,0.0,-34.38,0.0,9.64,0.0,4.37,-37.89,5.79,0.0,396607000.0,-16.29,-28.45,0.0,90000000.0,0.0,0.0,166630000.0,0.0,31.7,2458515000.0
0.0,bfc8184d-9562-4ea2-87dd-be6e76dc1279,47000154.44,40951776.0,1.0,0.0,RUB,0.0,0.0,0.0,0.0,0.0,0.0,,67.12,0.0,3.87,60.98,0.0,0.0,2022-10-10T00:00:00+00:00,1970-01-01T00:00:00+00:00,1970-01-01T00:00:00+00:00,0.0,0.0,12.48,0.0,0.0,0.0,481759000000.0,0.47,184.8,111.81,3024528008104.0,0.0,1443557000000.0,0.0,13.91,0.0,25.44,2.1,0.16,6.28,0.29,39.89,10380229000000.0,4.71,7.95,0.0,23673512900.0,1.52,73.78,6573873000000.0,0.0,35.17,8922784008104.0
0.0,abf2fae5-7696-47c4-bc61-d622d1b5fb27,600164.44,547382.4,0.29,0.0,RUB,0.0,0.0,45.01,46.33,13.93,46.33,,0.0,0.0,548.38,102.93,0.0,0.0,2025-10-06T00:00:00+00:00,1970-01-01T00:00:00+00:00,1970-01-01T00:00:00+00:00,0.0,0.0,11.85,0.0,0.0,0.0,0.0,0.28,416.97,299.9,148165199566.28,0.0,46624000000.0,0.0,0.0,0.0,68.69,3.18,0.67,0.0,0.68,193.67,216370000000.0,3.93,22.13,0.0,445368521.0,43.35,0.0,0.0,0.0,0.0,0.0
0.0,4bf4e402-c87d-4661-a2da-0b4f2feaf60b,467333.33,521488.0,0.76,0.0,RUB,0.0,0.0,16.17,0.43,2.58,0.43,,103.16,71249713000.0,76.86,2.65,1.87,0.0,2025-07-03T00:00:00+00:00,1970-01-01T00:00:00+00:00,1970-01-01T00:00:00+00:00,0.0,0.0,3.57,0.0,0.0,0.0,10890777000.0,0.09,18.63,12.1,141494836312.0,-0.12,22572302000.0,0.0,17.22,0.0,12.75,6.27,0.66,12.99,1.08,48.45,131045301000.0,7.69,11.1,0.0,8523785320.0,9.49,-8.11,12708430000.0,0.0,5.95,133088182312.0
0.0,60645779-5aad-45bb-972c-38e2af07542c,1086762.22,1017631.2,0.68,0.0,RUB,0.0,0.0,49.39,10.5,11.21,10.5,,0.0,0.0,168.44,21.26,0.0,0.0,2025-12-19T00:00:00+00:00,1970-01-01T00:00:00+00:00,1970-01-01T00:00:00+00:00,0.0,0.0,7.58,0.0,0.0,0.0,0.0,0.3,141.06,91.7,52186475486.0,0.0,11840800000.0,0.0,0.0,0.0,0.0,4.41,0.96,0.0,0.0,0.0,0.0,4.32,23.66,0.0,556952780.0,0.0,0.0,0.0,0.0,0.0,0.0
0.0,41100a03-cb85-4496-8b74-957b2bdcd132,340893.33,277772.2,0.66,0.0,RUB,0.0,0.0,0.0,0.0,0.0,0.0,,0.0,8156861000.0,0.0,51.38,12.62,0.0,2024-05-24T00:00:00+00:00,1970-01-01T00:00:00+00:00,1970-01-01T00:00:00+00:00,0.0,0.0,3.11,0.0,0.0,0.0,-4018062000.0,0.24,1788.0,930.8,81255174000.0,2.66,3172416000.0,0.0,12.37,0.0,10.1,25.61,7.26,-20.22,3.17,0.0,25646956000.0,7.6,30.24,0.0,71214000.0,51.19,0.0,24748779000.0,0.0,221.14,102912814000.0
0.0,bbe14e08-b318-49b3-8f3b-f0eea166a166,3934.44,3920.8,0.49,0.0,RUB,0.0,0.0,0.0,0.0,0.0,0.0,,0.0,0.0,-84.84,-178.15,0.0,0.0,2024-07-09T00:00:00+00:00,1970-01-01T00:00:00+00:00,1970-01-01T00:00:00+00:00,0.0,0.0,0.02,0.0,0.0,0.0,-1165137000.0,0.15,1992.0,982.0,14259600901.0,0.0,-1642131000.0,0.0,-6.93,0.0,15.78,0.0,1.4,-12.24,0.6,66.68,23682884000.0,-8.12,-16.41,0.0,9217583.0,15.4,809.67,2831239000.0,0.0,27.7,17036856901.0
0.0,033d81b1-1249-4a4b-80bd-fad02790d92b,492671.33,397500.4,0.41,0.0,RUB,0.0,0.0,0.0,44.51,8.8,44.51,,96.05,0.0,18.64,0.0,0.0,0.0,2025-10-13T00:00:00+00:00,1970-01-01T00:00:00+00:00,1970-01-01T00:00:00+00:00,0.0,0.0,10.74,0.0,0.0,0.0,0.0,0.05,676.0,452.0,2399097617334.0,0.0,0.0,0.0,0.0,0.0,16.47,0.0,0.76,0.0,0.0,64.96,0.0,8.28,16.01,0.0,4741299639.0,10.14,34.27,1123567000000.0,0.0,35.57,3337281617334.0
0.0,b272081b-48e2-4f7d-9465-f6a997475166,150355.56,102484.0,0.39,0.0,RUB,0.0,0.0,0.0,0.0,0.0,0.0,,0.0,0.0,99.08,1.48,0.0,0.0,2007-11-09T00:00:00+00:00,1970-01-01T00:00:00+00:00,1970-01-01T00:00:00+00:00,0.0,0.0,0.0,0.0,0.0,0.0,387739000.0,0.0,27.0,17.8,2090485878.95,0.0,135488000.0,0.0,0.42,0.0,9.98,15.43,1.5,5.39,0.06,34.69,32189626000.0,2.05,10.11,0.0,91487347.0,6.82,10.05,3006190000.0,0.0,215.74,4748660878.95
0.0,f52b028c-d9ab-476f-b4c8-4cb00b776cf0,691.67,503.48,0.63,0.0,RUB,0.0,0.0,0.0,0.0,0.0,0.0,,0.0,0.0,-281.29,-3354.3,0.0,0.0,1970-01-01T00:00:00+00:00,1970-01-01T00:00:00+00:00,1970-01-01T00:00:00+00:00,0.0,0.0,0.0,0.0,0.0,0.0,24091401000.0,0.0,7400.0,4100.0,14213032675.0,0.0,-10606176000.0,0.0,-6.55,0.0,6.58,0.0,0.26,0.59,0.09,53.09,161805160000.0,-3.96,-18.4,0.0,3161965.0,-0.79,0.97,150636681000.0,0.0,270.49,164833704675.0
0.0,55d43825-dcac-4914-bfdb-e20c110f68bf,212620000.0,148030000.0,0.62,0.0,RUB,0.0,0.0,0.0,0.0,0.0,0.0,,55.24,11235447000.0,65.39,0.02,1.54,0.0,2020-06-08T00:00:00+00:00,1970-01-01T00:00:00+00:00,1970-01-01T00:00:00+00:00,0.0,0.0,6.09,0.0,0.0,0.0,6049996000.0,0.3,0.12,0.05,11556571626.6,0.51,2323753000.0,0.0,3.05,0.0,16.78,4.97,0.55,1.91,0.15,27.65,76207248000.0,3.37,11.66,0.0,95785923138.0,7.6,0.97,14263237000.0,0.0,68.23,17285252626.6
0.0,ed09a805-4a20-49d7-9818-d7fe0e84076c,7934423.33,3444710.8,0.53,0.0,RUB,0.0,0.0,0.0,0.0,0.0,0.0,,0.0,14636000000.0,-103.02,0.03,6.06,0.0,1970-01-01T00:00:00+00:00,1970-01-01T00:00:00+00:00,1970-01-01T00:00:00+00:00,0.0,0.0,0.0,0.0,0.0,0.0,2678000000.0,0.06,12.76,8.0,65240209212.3,1.6,249000000.0,0.0,0.26,0.0,29.4,262.01,-8.67,24.36,0.67,89.28,96753000000.0,0.43,-3.42,0.0,7630433826.0,25.49,-30.29,24001000000.0,0.0,-318.99,88625209212.3
0.0,4e4fcc9f-2bd6-40e1-8992-1c7351d8a7ff,555997444.44,477121160.0,0.52,0.0,RUB,0.0,0.0,0.0,0.0,0.0,0.0,,54.61,171316000000.0,-9611.98,-0.12,5.04,0.0,2023-07-10T00:00:00+00:00,1970-01-01T00:00:00+00:00,1970-01-01T00:00:00+00:00,0.0,0.0,5.86,0.0,0.0,0.0,-88506000000.0,0.15,0.6,0.36,206028292244.0,3.84,-54416000000.0,0.0,-8.53,0.0,13.62,0.0,0.33,-2.33,0.32,58.14,638098000000.0,-3.79,-8.8,0.0,444793377038.0,12.61,159.55,764552000000.0,0.0,124.21,863335292244.0
0.0,b00d7d69-be71-4dde-88f6-7deb9392138b,385959.56,1516261.12,0.75,0.0,RUB,0.0,0.0,440.07,985.5,105.04,985.5,,0.0,0.0,449.97,223.94,0.0,0.0,2025-12-25T00:00:00+00:00,1970-01-01T00:00:00+00:00,1970-01-01T00:00:00+00:00,0.0,0.0,40.53,0.0,0.0,0.0,0.0,0.22,1948.8,802.2,47132358091.0,0.0,11250074000.0,0.0,0.0,0.0,62.7,4.19,0.46,0.0,2.52,356.57,18723536000.0,3.39,10.86,0.0,50237005.0,45.37,0.0,0.0,0.0,0.0,0.0
0.0,df9a9da8-0a95-41ca-9d03-82de3fcf872c,424471.11,275229.2,0.76,0.0,RUB,0.0,0.0,0.0,0.0,0.0,0.0,,-12.98,-1010828126.72,-191.4,-30.89,0.0,0.0,2022-01-17T00:00:00+00:00,1970-01-01T00:00:00+00:00,1970-01-01T00:00:00+00:00,0.0,0.0,6.26,0.0,0.0,0.0,-23024686994.51,0.07,304.75,152.6,115138681118.1,0.0,-20685510985.53,0.0,-15.71,0.0,-14.33,0.0,0.66,-5.0,0.87,150.16,131696558095.64,-8.41,-11.09,0.0,665733918.0,1.45,0.0,0.0,0.0,0.0,0.0
0.0,14b910c1-8d9e-4af2-b104-bc77eedfe96d,694395.56,395194.8,0.0,0.0,RUB,0.0,0.0,0.0,0.0,0.0,0.0,,0.0,0.0,0.0,0.0,0.0,0.0,1970-01-01T00:00:00+00:00,1970-01-01T00:00:00+00:00,1970-01-01T00:00:00+00:00,0.0,0.0,0.0,0.0,0.0,0.0,0.0,0.0,134.96,97.0,19974900000.0,0.0,0.0,0.0,0.0,0.0,0.0,0.0,4.22,0.0,0.0,0.0,0.0,0.0,0.0,0.0,165000000.0,0.0,0.0,0.0,0.0,0.0,0.0
0.0,ba7b5a1b-8515-4134-8c26-b69a2372fe82,30808324.44,22109164.8,0.73,0.0,RUB,0.0,0.0,0.0,0.0,0.0,0.0,,-5.98,497615586456.85,-99.57,10.89,6.44,0.0,2023-12-26T00:00:00+00:00,1970-01-01T00:00:00+00:00,1970-01-01T00:00:00+00:00,0.0,0.0,7.38,0.0,0.0,0.0,255881683829.6,0.33,173.2,98.5,2431750919476.0,1.56,166243106609.97,0.0,14.04,0.0,-5.5,14.63,2.64,9.5,2.05,32.11,1183791003331.81,7.15,19.94,0.0,15286339700.0,-4.09,53.73,1000473375000.0,0.0,108.64,3206078077476.0
0.0,c99b9966-e777-42a1-9caf-bf22842a2490,225590888.89,201644240.0,0.96,0.0,RUB,0.0,0.0,0.0,0.0,0.0,0.0,,67.69,0.0,69.32,0.49,0.0,0.0,2021-12-16T00:00:00+00:00,1970-01-01T00:00:00+00:00,1970-01-01T00:00:00+00:00,0.0,0.0,6.36,0.0,0.0,0.0,0.0,0.16,2.79,1.34,103368353724.73,0.0,31108194000.0,0.0,24.04,0.0,8.11,3.32,0.5,0.0,0.8,59.76,129411747000.0,15.44,16.57,0.0,63048706145.0,13.32,0.0,0.0,0.0,0.0,0.0
0.0,e442ca19-a0d0-4bab-92c3-4a0f75d4e878,56465111.11,63859000.0,0.6,0.0,RUB,0.0,0.0,0.0,0.0,0.0,0.0,,273.99,0.0,-78.46,0.0,0.0,0.0,2024-07-09T00:00:00+00:00,1970-01-01T00:00:00+00:00,1970-01-01T00:00:00+00:00,0.0,0.0,6.95,0.0,0.0,0.0,0.0,0.2,2.94,1.83,102891217583.45,0.0,0.0,0.0,0.0,0.0,24.46,0.0,0.26,0.0,0.0,18.1,0.0,0.72,0.88,0.0,39749359700.0,4.23,-82.54,0.0,0.0,0.0,0.0
0.0,460475ed-a5fc-48cd-a4e8-9f848657ba73,52105511.11,42508248.0,0.91,0.0,RUB,0.0,0.0,0.0,0.0,0.0,0.0,,0.0,0.0,-119.12,-10.08,0.0,0.0,2024-07-17T00:00:00+00:00,1970-01-01T00:00:00+00:00,1970-01-01T00:00:00+00:00,0.0,0.0,1.6,0.0,0.0,0.0,-112677000000.0,0.33,19.67,11.93,132851550000.0,0.0,-97288000000.0,0.0,-7.64,0.0,17.76,0.0,-16.13,-1.18,0.1,87.5,1273459000000.0,-3.57,-159.56,0.0,9650000000.0,15.35,139.74,1491363000000.0,0.0,-18105.66,1524767550000.0
0.0,6d9a99d0-73e5-4971-84d6-b90729f2400d,1781212.22,1286007.48,0.43,0.0,RUB,0.0,0.0,13.62,179.85,6.69,179.85,,212.76,579352000000.0,144.49,1320.18,7.34,0.0,2025-12-22T00:00:00+00:00,1970-01-01T00:00:00+00:00,1970-01-01T00:00:00+00:00,0.0,0.0,6.1,0.0,0.0,0.0,239508000000.0,0.22,2776.8,1617.0,3655912641886.8,1.03,334876000000.0,0.0,44.27,0.0,47.95,10.92,15.74,15.26,4.83,169.54,756405000000.0,30.83,225.23,0.0,1360694001.0,23.91,175.27,778728000000.0,0.0,335.25,4252687641886.8
0.0,f68ac807-85e4-45e4-af38-bd7c79f59be5,128688.22,476966.36,0.57,0.0,RUB,0.0,0.0,159.24,87.0,13.33,87.0,,0.0,0.0,208.96,54.63,0.0,0.0,2025-12-12T00:00:00+00:00,1970-01-01T00:00:00+00:00,1970-01-01T00:00:00+00:00,0.0,0.0,12.63,0.0,0.0,0.0,0.0,0.13,844.0,500.1,78300000000.0,0.0,6556087000.0,0.0,0.0,0.0,56.16,11.94,1.67,0.0,1.33,340.73,59014114000.0,2.38,13.2,0.0,120000000.0,43.55,0.0,0.0,0.0,0.0,0.0
0.0,35695f29-6d3c-4cba-9963-4508ddf98325,450114.44,342904.88,0.42,0.0,RUB,0.0,0.0,0.0,143.55,3.07,143.55,,0.0,0.0,0.0,0.0,0.0,0.0,2025-12-22T00:00:00+00:00,1970-01-01T00:00:00+00:00,1970-01-01T00:00:00+00:00,0.0,0.0,3.39,0.0,0.0,0.0,0.0,0.0,4826.0,3206.0,1010652133110.0,0.0,0.0,0.0,0.0,0.0,0.0,0.0,-7.36,0.0,0.0,0.0,0.0,0.0,0.0,0.0,216413733.0,0.0,0.0,79369000000.0,0.0,-57.78,524329133110.0
0.0,6136c755-4f07-4bea-b406-e023d8e0c9af,3320544.44,3521096.0,0.7,0.0,RUB,0.0,0.0,0.0,0.0,0.0,0.0,,0.0,0.0,-33.59,-0.63,0.0,0.0,1970-01-01T00:00:00+00:00,1970-01-01T00:00:00+00:00,1970-01-01T00:00:00+00:00,0.0,0.0,0.0,0.0,0.0,0.0,-563557000.0,0.0,4.8,2.86,1468716838.09,0.0,-277406000.0,0.0,-73.13,0.0,-0.09,0.0,3.06,-2.61,3.87,8.57,379329000.0,-18.1,-67.3,0.0,440394854.0,0.68,280.54,465401000.0,0.0,97.12,1908203838.09
0.0,4cda1996-5fa5-4c56-9442-958e2eb20afc,1001309.78,1715291.32,0.39,0.0,RUB,0.0,0.0,0.0,3.43,3.45,3.43,,0.0,0.0,0.0,0.0,0.0,0.0,2025-06-06T00:00:00+00:00,1970-01-01T00:00:00+00:00,1970-01-01T00:00:00+00:00,0.0,0.0,2.75,0.0,0.0,0.0,0.0,0.17,174.4,76.14,20778000493.76,0.0,0.0,0.0,0.0,0.0,0.0,0.0,26.39,0.0,0.0,0.0,0.0,0.0,0.0,0.0,209160464.0,0.0,0.0,72500000.0,0.0,9.21,20154523493.76
0.0,6faba6f9-1ba7-4c3b-92ad-a0ec9ddf1303,3241022.22,3148740.0,0.71,0.0,RUB,0.0,0.0,0.0,0.0,0.0,0.0,,0.0,0.0,-102.85,0.99,0.0,0.0,2018-07-16T00:00:00+00:00,1970-01-01T00:00:00+00:00,1970-01-01T00:00:00+00:00,0.0,0.0,0.0,0.0,0.0,0.0,0.0,0.05,44.28,22.06,335025573547.2,0.0,11962000000.0,0.0,0.0,0.0,0.0,28.01,3.08,0.0,0.0,0.0,0.0,1.87,12.75,0.0,12051279624.0,0.0,0.0,0.0,0.0,0.0,0.0
0.0,a2543193-689c-4922-bcec-21cde6e74188,3805666.67,3790800.0,0.57,0.0,RUB,0.0,0.0,36.75,0.04,6.0,0.04,,17.7,3233549000.0,177.33,0.1,0.0,0.0,2025-05-12T00:00:00+00:00,1970-01-01T00:00:00+00:00,1970-01-01T00:00:00+00:00,0.0,0.0,5.51,0.0,0.0,0.0,805672000.0,0.13,0.97,0.53,13110861155.6,0.0,2141104000.0,0.0,17.97,0.0,6.34,6.12,0.92,16.27,1.1,21.53,11913967000.0,12.45,15.67,0.0,20843976400.0,5.31,0.0,0.0,0.0,0.0,0.0
0.0,7c408d19-9d14-47fe-b704-543f518be212,49661522.22,35151820.0,0.72,0.0,RUB,0.0,0.0,13.25,0.35,2.6,0.35,,0.0,0.0,143.84,2.64,0.0,0.0,2025-07-08T00:00:00+00:00,1970-01-01T00:00:00+00:00,1970-01-01T00:00:00+00:00,0.0,0.0,4.54,0.0,0.0,0.0,0.0,0.13,18.97,11.65,303518765639.4,0.0,56104000000.0,0.0,0.0,0.0,85.08,5.41,0.76,0.0,0.38,383.15,789887000000.0,1.4,14.6,0.0,22516228905.0,41.75,0.0,0.0,0.0,0.0,0.0
0.0,71b0871f-1976-4816-b704-86ba7fd621e3,25375.44,34265.56,0.4,0.0,RUB,0.0,0.0,0.0,0.0,0.0,0.0,,0.0,0.0,0.0,128.3,0.0,0.0,1970-01-01T00:00:00+00:00,1970-01-01T00:00:00+00:00,1970-01-01T00:00:00+00:00,0.0,0.0,0.0,0.0,0.0,0.0,0.0,0.27,927.9,640.1,79650000000.0,0.0,11510344765.2,0.0,44.89,0.0,1.96,6.92,2.4,0.0,3.11,0.0,25638637529.41,29.55,41.49,0.0,90000000.0,0.0,0.0,4192027698.0,0.0,12.61,66102316579.5
0.0,5a3d1efd-f8a0-478e-a10e-bb7f990f9c87,33942.44,35049.08,0.34,0.0,RUB,0.0,0.0,40.42,360.0,5.62,360.0,,134.19,199145000000.0,70.96,890.69,5.67,0.0,2025-10-01T00:00:00+00:00,1970-01-01T00:00:00+00:00,1970-01-01T00:00:00+00:00,0.0,0.0,10.97,0.0,0.0,0.0,46087000000.0,0.26,7378.0,5500.0,829836000000.0,1.5,115344000000.0,0.0,19.94,0.0,15.3,7.19,3.78,18.01,1.43,104.61,578390000000.0,19.28,58.45,0.0,129500000.0,6.48,163.07,321435000000.0,0.0,146.57,1128807000000.0
0.0,dbd82e1a-bcad-4f06-98c7-e7fc10cf9065,41502.67,46338.76,0.39,0.0,RUB,0.0,0.0,50.15,32.0,6.29,32.0,,0.0,0.0,0.0,63.81,0.0,0.0,2025-12-02T00:00:00+00:00,1970-01-01T00:00:00+00:00,1970-01-01T00:00:00+00:00,0.0,0.0,6.48,0.0,0.0,0.0,1413739000.0,0.12,747.0,499.0,20578133616.0,0.0,2580840000.0,0.0,11.51,0.0,24.33,7.97,2.26,14.56,0.92,0.0,22421961000.0,11.5,29.72,0.0,40444445.0,29.84,0.0,3856993000.0,0.0,42.44,23320607616.0
0.0,3245edc9-0713-4b1e-8e9f-7bdd10a8d605,0.0,0.0,0.0,0.0,RUB,0.0,0.0,0.0,0.0,0.0,0.0,,0.0,19364308000.0,0.0,298.58,8.93,0.0,2022-01-21T00:00:00+00:00,1970-01-01T00:00:00+00:00,1970-01-01T00:00:00+00:00,0.0,0.0,1.54,0.0,0.0,0.0,18342634000.0,0.62,3925.0,3800.0,197901120000.0,-1.29,15119860000.0,0.0,46.49,0.0,62.84,13.09,8.13,10.79,6.08,0.0,32524818000.0,45.07,92.06,0.0,50640000.0,52.63,0.0,3019682000.0,0.0,12.41,173014926000.0
0.0,155eb875-f605-45de-ae15-70bcfb125ff0,61333137.78,32726676.8,0.83,0.0,RUB,0.0,0.0,0.0,0.0,0.0,0.0,,31.51,84526000000.0,43.87,2.02,4.19,0.0,2024-10-17T00:00:00+00:00,1970-01-01T00:00:00+00:00,1970-01-01T00:00:00+00:00,0.0,0.0,9.02,0.0,0.0,0.0,-14151000000.0,0.2,42.8,24.07,345230925350.0,0.11,22604000000.0,0.0,3.59,0.0,0.66,15.27,0.5,-24.4,0.55,56.86,629737000000.0,2.5,3.3,0.0,11174330000.0,-4.21,-11.11,54596000000.0,0.0,7.89,354508925350.0
0.0,94f18cc6-9e01-4db6-9d73-8c3ba6ab9655,148755420.67,72896676.2,0.76,0.0,RUB,0.0,0.0,24.65,25.58,31.49,25.58,,0.0,0.0,1370178.33,103.76,0.0,0.0,2025-07-11T00:00:00+00:00,1970-01-01T00:00:00+00:00,1970-01-01T00:00:00+00:00,0.0,0.0,10.85,0.0,0.0,0.0,0.0,0.5,109.04,64.87,537776577046.86,0.0,557200000000.0,0.0,0.0,0.0,67.12,0.97,0.19,0.0,0.11,270.54,5052900000000.0,1.57,20.68,0.0,6620418282.0,49.77,0.0,0.0,0.0,0.0,0.0
0.0,aabc6dd3-1485-4e60-9f75-504b29955dcf,36404.29,81274.21,0.63,0.0,RUB,0.0,0.0,0.0,0.0,0.0,0.0,,45.68,31387065000.0,166.19,7.92,1.51,0.0,2022-07-29T00:00:00+00:00,1970-01-01T00:00:00+00:00,1970-01-01T00:00:00+00:00,0.0,0.0,14.05,0.0,0.0,0.0,16045626000.0,0.17,39.0,26.08,9716117700.0,1.2,2132372000.0,0.0,0.95,0.0,5.53,4.56,0.74,0.61,0.04,32.87,223349291000.0,1.92,17.06,0.0,269070000.0,5.45,50.11,47833871000.0,0.0,366.73,47342653700.0
0.0,c2b869cc-8676-4e6d-801e-ffd577bb8d98,56164444.44,63580000.0,0.59,0.0,RUB,0.0,0.0,31.34,0.05,9.13,0.05,,101.17,42794936000.0,145.76,0.16,1.62,0.0,2025-07-01T00:00:00+00:00,1970-01-01T00:00:00+00:00,1970-01-01T00:00:00+00:00,0.0,0.0,10.61,0.0,0.0,0.0,-92397000.0,0.27,0.6,0.34,61995069155.35,0.17,18059031000.0,0.0,11.43,0.0,8.74,3.43,0.56,-670.96,0.39,48.72,157944075000.0,9.49,17.31,0.0,112697817043.0,10.4,12.98,32686443000.0,0.0,29.49,69260904155.35
0.0,75127af3-e54c-456f-ac0b-64dc5949a613,1737486.67,1599207.6,0.77,0.0,RUB,0.0,0.0,0.0,0.0,0.0,0.0,,80.81,52382818352.63,169.21,-19.01,4.05,0.0,2024-07-19T00:00:00+00:00,1970-01-01T00:00:00+00:00,1970-01-01T00:00:00+00:00,0.0,0.0,8.79,0.0,0.0,0.0,0.0,0.16,108.27,70.0,185748272997.21,0.5,-43363671617.05,0.0,-36.24,0.0,-12.32,0.0,0.47,0.0,1.55,60.5,119650608714.92,-7.44,-9.97,0.0,2374993901.0,15.11,-16.83,107283543928.8,0.0,26.9,212072989224.41
0.0,3c0a45db-07c6-49e2-b74e-3f86e4815dbf,4028891.67,3567109.28,1.54,0.0,RUB,0.0,0.0,0.0,0.0,0.0,0.0,,0.0,0.0,11559.8,4.82,0.0,0.0,1970-01-01T00:00:00+00:00,1970-01-01T00:00:00+00:00,1970-01-01T00:00:00+00:00,0.0,0.0,0.0,0.0,0.0,0.0,0.0,0.0,339.8,140.4,33782205550.1,0.0,640860000.0,0.0,0.0,0.0,-22.11,52.71,1.54,0.0,9.2,734.29,3670398000.0,0.7,2.97,0.0,132843907.0,-22.19,0.0,0.0,0.0,0.0,0.0
0.0,4460b582-64d3-4bb1-a894-fca260b8dd82,222974.44,148831.2,0.42,0.0,RUB,0.0,0.0,0.0,0.0,0.0,0.0,,0.0,0.0,116.61,2.91,0.0,0.0,2024-06-17T00:00:00+00:00,1970-01-01T00:00:00+00:00,1970-01-01T00:00:00+00:00,0.0,0.0,1.08,0.0,0.0,0.0,310483000.0,0.18,105.0,62.92,6268391214.66,0.0,270014000.0,0.0,16.72,0.0,11.18,23.22,5.1,20.19,3.88,82.09,1615237000.0,10.22,24.87,0.0,92645451.0,8.82,101.46,531639000.0,0.0,43.24,6455541214.66
0.0,2fb15bd6-7258-4841-becc-e18b14bd1175,4219888.89,2631200.0,0.6,0.0,RUB,0.0,0.0,147.22,0.17,8.72,0.17,,0.0,0.0,-133.14,0.11,0.0,0.0,2025-06-25T00:00:00+00:00,1970-01-01T00:00:00+00:00,1970-01-01T00:00:00+00:00,0.0,0.0,7.24,0.0,0.0,0.0,3298000000.0,0.06,2.73,1.57,32913359013.44,0.0,1950000000.0,0.0,1.1,0.0,12.25,16.88,1.0,9.98,0.19,35.58,177188000000.0,2.02,5.74,0.0,17223107804.0,15.61,-78.42,21855000000.0,0.0,66.26,45514359013.44
0.0,0bca9a7d-0080-4bae-ad16-dd118bfb7f06,61142.22,77018.4,0.3,0.0,RUB,0.0,0.0,56.83,25.32,17.27,25.32,,0.0,0.0,0.0,44.56,0.0,0.0,2025-12-15T00:00:00+00:00,1970-01-01T00:00:00+00:00,1970-01-01T00:00:00+00:00,0.0,0.0,16.43,0.0,0.0,0.0,0.0,0.15,161.8,133.15,14660000000.0,0.0,4455524000.0,0.0,0.0,0.0,1.38,3.29,1.01,0.0,0.66,0.0,22344871000.0,26.43,33.61,0.0,100000000.0,11.38,0.0,0.0,0.0,0.0,0.0
0.0,eb85ff63-713d-4ace-b4c8-922c9a5fc812,2636352.22,2451160.8,0.48,0.0,RUB,0.0,0.0,389.61,35.0,15.61,35.0,,0.0,0.0,-6.89,8.98,0.0,0.0,2025-07-07T00:00:00+00:00,1970-01-01T00:00:00+00:00,1970-01-01T00:00:00+00:00,0.0,0.0,12.32,0.0,0.0,0.0,178030000000.0,0.41,258.2,188.7,448137068193.75,0.0,17952000000.0,0.0,2.31,0.0,16.13,24.96,-103.14,2.52,0.58,47.81,775853000000.0,1.13,-108.0,0.0,1998381575.0,9.61,95.67,740363000000.0,0.0,-17039.42,1075448068193.75
0.0,419d8670-b010-4cfb-a5a9-85832bbb0e80,2779097.78,1938240.4,0.49,0.0,RUB,0.0,0.0,24.85,1.05,2.02,1.05,,0.0,0.0,0.0,4.23,0.0,0.0,2026-01-12T00:00:00+00:00,1970-01-01T00:00:00+00:00,1970-01-01T00:00:00+00:00,0.0,0.0,2.15,0.0,0.0,0.0,0.0,0.13,63.72,42.43,60603139960.2,0.0,4642665000.0,0.0,16.09,0.0,29.6,13.05,1.98,0.0,2.1,0.0,28858050000.0,9.61,17.27,0.0,1167690558.0,13.14,0.0,13109000000.0,0.0,42.74,71188139960.2
0.0,fe38c295-6cdf-4108-a7c8-d259721b8977,3407034444.44,3320383600.0,0.52,0.0,RUB,0.0,0.0,0.0,0.0,0.0,0.0,,218.84,474247000000.0,-234.89,-0.04,1.39,0.0,2021-07-15T00:00:00+00:00,1970-01-01T00:00:00+00:00,1970-01-01T00:00:00+00:00,0.0,0.0,8.11,0.0,0.0,0.0,-103389000000.0,0.16,0.09,0.06,157664123570.18,1.06,-84008000000.0,0.0,-5.2,0.0,9.21,0.0,0.09,-1.52,0.1,503.2,1616211000000.0,-2.41,-4.6,0.0,2113460101477.0,0.0,209.35,733261000000.0,0.0,40.15,660453123570.18
0.0,b481b02b-7b2e-4270-bd9a-194969ca8cde,160235.56,83446.8,0.33,0.0,RUB,0.0,0.0,78.54,63.0,10.31,63.0,,0.0,0.0,170.98,80.21,0.0,0.0,2025-12-19T00:00:00+00:00,1970-01-01T00:00:00+00:00,1970-01-01T00:00:00+00:00,0.0,0.0,10.87,0.0,0.0,0.0,2387331000.0,0.07,707.0,220.0,22132138752.0,0.0,2904569000.0,0.0,5.3,0.0,7.1,7.62,5.93,9.27,0.4,23.15,54817532000.0,32.92,76.3,0.0,36210960.0,6.02,0.0,0.0,0.0,0.0,0.0
0.0,6fff1a34-790f-4d18-b39f-869e1ab560b8,327174.11,362545.32,0.0,0.0,RUB,0.0,0.0,0.0,0.0,0.0,0.0,,0.0,0.0,0.0,0.0,0.0,0.0,1970-01-01T00:00:00+00:00,1970-01-01T00:00:00+00:00,1970-01-01T00:00:00+00:00,0.0,0.0,0.0,0.0,0.0,0.0,0.0,0.12,69.64,56.85,17409937500.0,0.0,0.0,0.0,0.0,0.0,0.0,0.0,3.77,0.0,0.0,0.0,0.0,0.0,0.0,0.0,282812500.0,0.0,0.0,68712606000.0,0.0,1489.89,83411499500.0
0.0,79e2504b-d7f4-4c10-9b93-b26ed179b220,1208155.56,1213080.0,0.99,0.0,RUB,0.0,0.0,0.0,0.0,0.0,0.0,,209.62,0.0,-109.66,0.0,0.0,0.0,1970-01-01T00:00:00+00:00,1970-01-01T00:00:00+00:00,1970-01-01T00:00:00+00:00,0.0,0.0,0.0,0.0,0.0,0.0,0.0,0.35,18.09,10.2,4106036242.3,0.0,0.0,0.0,0.0,0.0,2.39,0.0,1.53,0.0,0.0,18.15,0.0,8.93,-3.72,0.0,365631010.0,0.46,-12.41,7738000000.0,0.0,288.62,8896036242.3
0.0,e76b3967-dfa3-49a2-aa8a-8f67a0255f3c,21957777.78,18061800.0,0.58,0.0,RUB,0.0,0.0,39.09,0.15,9.22,0.15,,0.0,0.0,67.37,0.39,0.0,0.0,2025-07-08T00:00:00+00:00,1970-01-01T00:00:00+00:00,1970-01-01T00:00:00+00:00,0.0,0.0,8.38,0.0,0.0,0.0,-17718680000.0,0.11,1.75,1.03,79538680540.34,0.0,18756950000.0,0.0,6.93,0.0,8.58,4.24,0.33,-4.49,0.29,54.21,270710405000.0,3.71,8.05,0.0,48707091574.0,10.47,-22.14,78507469000.0,0.0,32.27,150152508540.34
0.0,efee0066-e7ca-4f56-a671-b22135b0e042,218411277.78,223123792.0,0.49,0.0,RUB,0.0,0.0,24.56,0.35,10.19,0.35,,22.43,189754000000.0,79.99,1.44,0.67,0.0,2025-06-09T00:00:00+00:00,1970-01-01T00:00:00+00:00,1970-01-01T00:00:00+00:00,0.0,0.0,6.41,0.0,0.0,0.0,-73013000000.0,0.32,4.0,2.58,362424600000.0,-1.24,150389000000.0,0.0,8.84,0.0,13.87,2.41,0.32,-4.96,0.21,50.03,1700299000000.0,10.32,14.12,0.0,104400000000.0,0.0,234.8,20238000000.0,0.0,1.81,126481600000.0
0.0,ab6b243d-5df0-4cf0-9337-c65d3019cfde,25444.44,46399.6,0.62,0.0,RUB,0.0,0.0,0.0,0.0,0.0,0.0,,0.0,1527666000.0,3725.04,17.55,5.48,0.0,2014-10-03T00:00:00+00:00,1970-01-01T00:00:00+00:00,1970-01-01T00:00:00+00:00,0.0,0.0,0.0,0.0,0.0,0.0,-735585000.0,0.0,414.5,218.0,4341481893.0,2.64,275568000.0,0.0,2.82,0.0,38.15,15.75,1.16,-5.9,0.44,737.28,9786360000.0,2.78,7.45,0.0,15701562.0,80.68,376.8,4147975000.0,0.0,110.95,8377486893.0
0.0,e6736c72-6619-4dbc-ae7f-af11e55510c1,683544.44,971800.0,0.95,0.0,RUB,0.0,0.0,0.0,0.0,0.0,0.0,,0.0,0.0,-432.0,-1.29,0.0,0.0,2009-05-06T00:00:00+00:00,1970-01-01T00:00:00+00:00,1970-01-01T00:00:00+00:00,0.0,0.0,0.0,0.0,0.0,0.0,-14283000.0,0.17,19.36,10.63,14099000000.0,0.0,-1477979000.0,0.0,-23842.22,0.0,0.0,0.0,1.27,-987.12,2274.4,10.68,6199000.0,-12.15,-12.74,0.0,1150000000.0,0.0,0.0,0.0,0.0,0.0,0.0
0.0,64a6b345-a926-4517-ad52-d68bbc82ceb9,962966.22,859944.64,0.52,0.0,RUB,0.0,0.0,350.82,1016.0,41.72,1016.0,,0.0,138887000000.0,0.0,289.61,6.61,0.0,2026-01-06T00:00:00+00:00,1970-01-01T00:00:00+00:00,1970-01-01T00:00:00+00:00,0.0,0.0,19.18,0.0,0.0,0.0,70711000000.0,0.29,3764.0,2346.0,661279943320.0,1.85,78650000000.0,0.0,1.75,0.0,24.23,8.41,3.9,9.35,0.15,0.0,4481849000000.0,4.43,33.5,0.0,271572872.0,21.02,0.0,322986000000.0,0.0,190.3,917821943320.0
0.0,2d850de1-466d-443d-b7fd-e78bf41146fb,2258984.33,2018890.2,0.92,0.0,RUB,0.0,0.0,66.14,82.15,7.03,82.15,,118.5,998768000000.0,-43.38,124.2,3.66,0.0,2025-10-06T00:00:00+00:00,1970-01-01T00:00:00+00:00,1970-01-01T00:00:00+00:00,0.0,0.0,5.81,0.0,0.0,0.0,0.0,0.21,1350.0,966.6,3549138083400.0,0.11,377116000000.0,0.0,23.6,0.0,12.71,9.41,1.19,0.0,2.22,79.17,1597767000000.0,10.14,13.09,0.0,3036306000.0,10.15,110.42,342711000000.0,0.0,11.52,3657517083400.0
0.0,27505259-9ad1-43a8-b9ac-09385f3f2a29,1036.78,1475.88,0.78,0.0,RUB,0.0,0.0,0.0,0.0,0.0,0.0,,0.0,0.0,-318.03,-318.34,0.0,0.0,1970-01-01T00:00:00+00:00,1970-01-01T00:00:00+00:00,1970-01-01T00:00:00+00:00,0.0,0.0,0.0,0.0,0.0,0.0,0.0,0.0,7550.0,3840.0,2920719190.0,0.0,-190920000.0,0.0,-119.73,0.0,-28.34,0.0,0.76,0.0,18.32,8.05,159454000.0,-3.75,-4.98,0.0,599737.0,22.53,0.0,0.0,0.0,0.0,0.0
0.0,be8e98b7-0f54-4d63-87dd-8ea7218b848f,151420.67,100976.6,0.41,0.0,RUB,0.0,0.0,51.28,10.0,2.04,10.0,,263.6,7563537000.0,138.24,19.5,7.54,0.0,2025-07-07T00:00:00+00:00,1970-01-01T00:00:00+00:00,1970-01-01T00:00:00+00:00,0.0,0.0,4.23,0.0,0.0,0.0,9842637000.0,0.2,776.0,466.5,43129859329.2,1.84,1713792000.0,0.0,7.35,0.0,10.76,25.17,1.25,4.38,1.85,258.54,23326804000.0,3.1,4.52,0.0,87876649.0,25.64,242.41,19984760000.0,0.0,57.9,57041245329.2
0.0,88d6ef5c-f342-4ac9-acbb-bf7167ba01fe,401603333.33,281969240.0,0.9,0.0,RUB,0.0,0.0,0.0,0.0,0.0,0.0,,0.0,755835000.0,409.96,-0.15,50.69,0.0,1970-01-01T00:00:00+00:00,1970-01-01T00:00:00+00:00,1970-01-01T00:00:00+00:00,0.0,0.0,0.0,0.0,0.0,0.0,-10073889000.0,0.0,0.85,0.48,18390613000.0,26.36,-4493567000.0,0.0,-53.17,0.0,18.79,0.0,5.41,-1.83,2.18,-43.39,8451214000.0,-13.76,-106.31,0.0,30001000000.0,7.82,249.8,20012235000.0,0.0,588.29,38313466000.0
0.0,b2d2f248-421e-4ecb-b034-6848477699bc,190924444.44,170529360.0,0.54,0.0,RUB,0.0,0.0,0.0,0.06,16.47,0.06,,108.97,0.0,45.29,0.0,0.0,0.0,2025-11-05T00:00:00+00:00,1970-01-01T00:00:00+00:00,1970-01-01T00:00:00+00:00,0.0,0.0,10.3,0.0,0.0,0.0,0.0,0.15,0.45,0.31,49470502654.79,0.0,0.0,0.0,0.0,0.0,17.31,0.0,0.32,0.0,0.0,5.34,0.0,1.98,2.99,0.0,136207331098.0,-0.39,-48.21,18459000000.0,0.0,11.97,67917502654.79
0.0,e5008a9b-a7e2-4c45-a313-8b630b669f46,12562811.11,12176548.0,0.9,0.0,RUB,0.0,0.0,0.0,0.0,0.0,0.0,,0.0,0.0,74.68,0.65,0.0,0.0,2019-06-06T00:00:00+00:00,1970-01-01T00:00:00+00:00,1970-01-01T00:00:00+00:00,0.0,0.0,0.0,0.0,0.0,0.0,0.0,0.22,10.89,5.98,205860153354.83,0.0,21674000000.0,0.0,0.0,0.0,56.67,9.5,0.54,0.0,0.26,326.89,800201000000.0,0.43,6.06,0.0,33429709866.0,50.05,0.0,0.0,0.0,0.0,0.0
0.0,94c05ba6-beeb-417f-b1b1-d1cc4e0c70d1,47200.0,35990.4,0.79,0.0,RUB,0.0,0.0,26.73,5.01,2.99,5.01,,95.86,4307000000.0,44.15,18.74,6.24,0.0,2025-07-07T00:00:00+00:00,1970-01-01T00:00:00+00:00,1970-01-01T00:00:00+00:00,0.0,0.0,1.67,0.0,0.0,0.0,-2525383000.0,0.0,235.4,150.0,18228038185.8,2.01,1836844000.0,0.0,9.35,0.0,39.77,9.92,1.02,-7.22,0.93,113.81,19647752000.0,5.93,11.73,0.0,108889117.0,19.15,160.65,9369768000.0,0.0,52.23,26876187185.8
0.0,2b99e2d8-bc61-4e9c-a285-5e37345765fa,678292.22,455468.0,0.57,0.0,RUB,0.0,0.0,0.0,0.0,0.0,0.0,,109.35,91455000000.0,-790.09,-27.72,4.42,0.0,2024-06-04T00:00:00+00:00,1970-01-01T00:00:00+00:00,1970-01-01T00:00:00+00:00,0.0,0.0,15.08,0.0,0.0,0.0,62507000000.0,0.08,147.0,95.22,107766880000.0,3.24,-29161000000.0,0.0,-5.92,0.0,-2.22,0.0,2.02,1.72,0.22,72.57,492426000000.0,-4.52,-45.18,0.0,1052000000.0,7.45,107.61,352822000000.0,0.0,661.5,403976880000.0
0.0,94ca791d-081c-47b4-a5a5-81e612893858,2484516.67,1571903.2,0.35,0.0,RUB,0.0,0.0,0.0,0.0,0.0,0.0,,0.0,7201000000.0,0.0,7.57,7.21,0.0,1970-01-01T00:00:00+00:00,1970-01-01T00:00:00+00:00,1970-01-01T00:00:00+00:00,0.0,0.0,0.0,0.0,0.0,0.0,-2516000000.0,0.16,131.98,75.8,31336156680.0,2.86,3030000000.0,0.0,3.77,0.0,10.86,10.34,1.38,-12.45,0.39,0.0,80455000000.0,3.57,16.17,0.0,400002000.0,6.83,0.0,23556000000.0,0.0,103.78,51900156680.0
0.0,e72889a3-21db-4b2e-90bc-045ec3d28d04,1161033.11,666235.88,0.73,0.0,RUB,0.0,0.0,0.0,0.0,0.0,0.0,,-21.22,137612000000.0,-56.34,38.19,6.08,0.0,2024-12-17T00:00:00+00:00,1970-01-01T00:00:00+00:00,1970-01-01T00:00:00+00:00,0.0,0.0,12.02,0.0,0.0,0.0,-49249000000.0,0.23,1449.4,845.6,815100256180.0,0.16,31991000000.0,0.0,4.49,0.0,-14.09,25.48,1.54,-16.55,1.14,46.58,712896000000.0,3.68,6.1,0.0,837718660.0,1.48,-68.97,60059000000.0,0.0,11.37,836765256180.0
0.0,a06c6407-e6ec-4d9e-852a-62621a183b2d,94285.0,78948.56,0.7,0.0,RUB,0.0,0.0,37.11,78.0,11.03,78.0,,243.1,73884000000.0,282.89,210.18,4.56,0.0,2025-04-29T00:00:00+00:00,1970-01-01T00:00:00+00:00,1970-01-01T00:00:00+00:00,0.0,0.0,8.04,0.0,0.0,0.0,-70595000000.0,0.24,948.0,634.8,72883574091.0,3.57,21655000000.0,0.0,8.65,0.0,1.71,3.37,0.6,-1.03,0.29,116.62,250484000000.0,4.03,17.41,0.0,103030215.0,22.38,186.72,288776000000.0,0.0,239.05,336756574091.0
0.0,c4bb2441-ce9a-4079-86ca-71e5d72ae44f,0.0,0.0,0.0,0.0,RUB,0.0,0.0,0.0,0.0,0.0,0.0,,0.0,0.0,0.0,0.0,0.0,0.0,1970-01-01T00:00:00+00:00,1970-01-01T00:00:00+00:00,1970-01-01T00:00:00+00:00,0.0,0.0,0.0,0.0,0.0,0.0,0.0,0.24,208.6,187.9,0.0,0.0,0.0,0.0,0.0,0.0,0.0,0.0,0.0,0.0,0.0,0.0,0.0,0.0,0.0,0.0,0.0,0.0,0.0,6752494759.9,0.0,29.77,0.0
0.0,d78a1e99-f964-4067-b56c-6807135516e6,1067600.0,812416.0,0.42,0.0,RUB,0.0,0.0,44.16,0.05,1.54,0.05,,0.0,0.0,0.0,0.11,0.0,0.0,2025-07-02T00:00:00+00:00,1970-01-01T00:00:00+00:00,1970-01-01T00:00:00+00:00,0.0,0.0,1.47,0.0,0.0,0.0,-892572000.0,0.0,4.75,2.99,2982368642.6,0.0,104279000.0,0.0,2.92,0.0,157.57,28.6,1.34,-3.34,0.83,0.0,3573283000.0,2.18,6.09,0.0,921052700.0,0.0,0.0,1330085000.0,0.0,59.56,4291657642.6
0.0,4b449b8c-7433-479f-9cad-53aa8226a28c,387551.22,368899.12,0.69,0.0,RUB,0.0,0.0,111.82,160.0,3.46,160.0,,0.0,241701000000.0,0.0,143.09,7.77,0.0,2025-09-29T00:00:00+00:00,1970-01-01T00:00:00+00:00,1970-01-01T00:00:00+00:00,0.0,0.0,2.9,0.0,0.0,0.0,70261000000.0,0.3,4828.0,3659.5,1824032225720.0,0.23,55668000000.0,0.0,4.14,0.0,0.0,32.77,5.95,25.96,1.36,0.0,1345260000000.0,5.06,19.07,0.0,393959444.0,0.0,0.0,255900000000.0,0.0,83.52,1878632225720.0
0.0,09723c69-5011-4424-b8b2-4cffbb90e9c7,10139.11,12885.64,0.45,0.0,RUB,0.0,0.0,20.97,147.31,9.63,147.31,,0.0,0.0,35.29,702.57,0.0,0.0,2025-07-14T00:00:00+00:00,1970-01-01T00:00:00+00:00,1970-01-01T00:00:00+00:00,0.0,0.0,8.54,0.0,0.0,0.0,88984000000.0,0.03,2849.5,1340.5,226057281681.0,0.0,103873000000.0,0.0,9.09,0.0,10.76,2.18,0.25,2.54,0.2,33.72,1142767000000.0,9.03,12.11,0.0,147846489.0,10.3,0.0,0.0,0.0,0.0,0.0
0.0,b647e8d7-46de-4f29-bb5a-a1e594063b2d,22288673.33,19126808.4,0.73,0.0,RUB,0.0,0.0,20.48,5.27,9.34,5.27,,26.73,260709000000.0,307.19,25.73,1.32,0.0,2025-07-18T00:00:00+00:00,1970-01-01T00:00:00+00:00,1970-01-01T00:00:00+00:00,0.0,0.0,8.73,0.0,0.0,0.0,-28895000000.0,0.25,78.45,49.42,224432285086.75,0.46,102289000000.0,0.0,11.41,0.0,39.95,2.19,4.86,-7.77,0.25,26.39,896711000000.0,9.09,-698.01,0.0,3975771215.0,20.33,282.9,172890000000.0,0.0,374.62,343477285086.75
0.0,a4f07002-22b7-4181-a856-003062a1914c,112927444.44,279741280.0,0.25,0.0,RUB,0.0,0.0,25.66,0.0,2.77,0.0,,0.0,9043000000.0,0.0,0.01,5.63,0.0,2025-07-14T00:00:00+00:00,1970-01-01T00:00:00+00:00,1970-01-01T00:00:00+00:00,0.0,0.0,1.9,0.0,0.0,0.0,-12425000000.0,0.0,0.17,0.11,59983951335.41,-1.01,6471000000.0,0.0,16.08,0.0,23.01,9.27,1.43,-4.83,1.49,0.0,40255000000.0,5.78,15.63,0.0,469725539040.0,28.0,0.0,20391000000.0,0.0,48.62,50882951335.41
0.0,fe8d49a4-3321-449b-bd08-02efbac878fe,1283253.78,778989.72,0.67,0.0,RUB,0.0,0.0,0.0,0.0,0.0,0.0,,-19.17,35004000000.0,-382.04,-194.43,3.25,0.0,2021-12-15T00:00:00+00:00,1970-01-01T00:00:00+00:00,1970-01-01T00:00:00+00:00,0.0,0.0,7.26,0.0,0.0,0.0,-31006000000.0,0.21,138.8,55.95,14597180032.4,2.84,-34952000000.0,0.0,-8.3,0.0,3.97,0.0,-2.05,-0.47,0.03,23.66,420991000000.0,-9.93,275.57,0.0,179768227.0,-1.76,119.51,105190000000.0,0.0,-1474.08,113910180032.4
0.0,848d25c1-1f02-4837-be67-a2a8da668561,134016.67,99934.4,0.82,0.0,RUB,0.0,0.0,0.0,0.0,0.0,0.0,,0.0,0.0,-79.04,5.0,0.0,0.0,2019-12-20T00:00:00+00:00,1970-01-01T00:00:00+00:00,1970-01-01T00:00:00+00:00,0.0,0.0,0.0,0.0,0.0,0.0,-615532000.0,0.03,176.9,96.05,34980611225.0,0.0,1412401000.0,0.0,22.17,0.0,-5.02,24.77,6.54,-56.83,5.49,-97.41,6371369000.0,6.7,30.85,0.0,282215500.0,0.0,-99.73,222154000.0,0.0,4.15,34523896225.0
0.0,b9f09cfa-1099-4691-a981-8b1a4c0c72f3,5994900.11,4881873.96,0.94,0.0,RUB,0.0,0.0,0.0,0.0,0.0,0.0,,4.63,28786000000.0,-946.46,-146.06,8.95,0.0,2012-05-21T00:00:00+00:00,1970-01-01T00:00:00+00:00,1970-01-01T00:00:00+00:00,0.0,0.0,0.0,0.0,0.0,0.0,62250000000.0,0.43,131.9,61.91,31203655045.2,7.86,-60800000000.0,0.0,-18.21,0.0,-4.54,0.0,-0.22,0.5,0.09,30.65,333816000000.0,-24.6,58.27,0.0,416270745.0,-1.23,-40.59,226870000000.0,0.0,-162.18,257585655045.2
0.0,6bbdf1c2-3c56-4d1f-846c-106bf6a8ab82,845730.89,938508.48,0.42,0.0,RUB,0.0,0.0,0.0,0.0,0.0,0.0,,0.0,0.0,0.0,17.06,0.0,0.0,1970-01-01T00:00:00+00:00,1970-01-01T00:00:00+00:00,1970-01-01T00:00:00+00:00,0.0,0.0,0.0,0.0,0.0,0.0,444226000.0,0.11,227.45,116.2,16420000000.0,0.0,1706461000.0,0.0,51.28,0.0,35.58,9.62,3.04,36.96,4.93,0.0,3327877000.0,25.65,36.03,0.0,100000000.0,81.27,0.0,503128000.0,0.0,9.3,16824549000.0
0.0,b01baaa2-61f7-4f85-9db7-8e4608d945a1,443.78,366.4,0.21,0.0,RUB,0.0,0.0,56.52,723.0,3.88,723.0,,69.85,87661000000.0,23.13,1279.13,9.17,0.0,2025-12-09T00:00:00+00:00,1970-01-01T00:00:00+00:00,1970-01-01T00:00:00+00:00,0.0,0.0,4.82,0.0,0.0,0.0,4389000000.0,0.05,18838.0,15334.0,685006359216.0,1.36,47017000000.0,0.0,20.18,0.0,10.43,14.57,3.08,156.07,2.94,72.57,233027000000.0,11.31,21.78,0.0,36757156.0,0.0,100.41,139411000000.0,0.0,62.75,804084359216.0
0.0,6321ea79-6930-45fc-9425-85c214259756,74958.33,92293.04,0.35,0.0,RUB,0.0,0.0,46.44,64.0,4.2,64.0,,0.0,11443000000.0,0.0,137.81,0.0,0.0,2025-10-20T00:00:00+00:00,1970-01-01T00:00:00+00:00,1970-01-01T00:00:00+00:00,0.0,0.0,12.37,0.0,0.0,0.0,9207762000.0,0.27,1559.1,940.5,114520565244.0,0.0,10353166000.0,0.0,28.27,0.0,19.87,11.06,3.36,12.44,3.13,0.0,36626811000.0,23.43,33.2,0.0,75125010.0,0.0,0.0,0.0,0.0,0.0,0.0
0.0,7fe69b86-1095-48e9-91b9-ca7f742cc977,75144.22,64164.56,0.52,0.0,RUB,0.0,0.0,0.0,0.0,0.0,0.0,,122.96,100660475000.0,-904.02,228.73,3.16,0.0,1970-01-01T00:00:00+00:00,1970-01-01T00:00:00+00:00,1970-01-01T00:00:00+00:00,0.0,0.0,0.0,0.0,0.0,0.0,41784625000.0,0.21,2266.0,1284.0,249310180951.5,0.69,26529758000.0,0.0,2.68,0.0,44.22,9.4,1.53,5.97,0.25,112.77,988638095000.0,5.52,17.72,0.0,115985197.0,22.47,-40.93,100100801000.0,0.0,61.3,318475211951.5
0.0,f18c4667-9641-467c-9ca5-f1e0e8cd1181,723222.22,939766.04,0.39,0.0,RUB,0.0,0.0,13.63,3.15,1.2,3.15,,0.0,6533593000.0,0.0,23.09,8.83,0.0,2025-07-10T00:00:00+00:00,1970-01-01T00:00:00+00:00,1970-01-01T00:00:00+00:00,0.0,0.0,1.39,0.0,0.0,0.0,903662000.0,0.15,528.45,242.8,54873000000.0,0.43,4848938000.0,0.0,25.45,0.0,80.35,11.32,6.78,60.72,2.88,0.0,19052363000.0,28.91,64.83,0.0,210000000.0,99.74,0.0,4289022000.0,0.0,53.02,57696848000.0
0.0,1d886f38-7ed5-41bb-97de-199746df7246,659.44,592.76,0.49,0.0,RUB,0.0,0.0,0.0,0.0,0.0,0.0,,0.0,0.0,58.72,440.46,0.0,0.0,2016-07-13T00:00:00+00:00,1970-01-01T00:00:00+00:00,1970-01-01T00:00:00+00:00,0.0,0.0,0.0,0.0,0.0,0.0,7689238000.0,0.0,29050.0,13600.0,31075366630.0,0.0,797703000.0,0.0,1.6,0.0,0.09,38.96,-17.57,4.04,0.62,1.2,49836511000.0,0.7,-33.22,0.0,1842049.0,0.0,24.06,27911377000.0,0.0,-1578.11,41540320630.0
0.0,188f2264-e86c-477c-99d0-1233b56ba753,59245444.44,49400960.0,0.61,0.0,RUB,0.0,0.0,30.54,0.07,7.58,0.07,,116.93,38828508000.0,108.06,0.22,1.92,0.0,2025-06-25T00:00:00+00:00,1970-01-01T00:00:00+00:00,1970-01-01T00:00:00+00:00,0.0,0.0,10.03,0.0,0.0,0.0,1492988000.0,0.33,0.95,0.5,37649960201.16,0.95,9350600000.0,0.0,6.33,0.0,7.55,4.03,0.53,25.22,0.25,45.97,147729054000.0,5.82,13.89,0.0,42217941468.0,8.52,-4.79,44307363000.0,0.0,62.15,74368409201.16
0.0,c7c8d0b0-6bb7-4b69-8341-13d2d91e6f8d,8114.44,7534.0,0.46,0.0,RUB,0.0,0.0,16.37,6.5,1.57,6.5,,0.0,0.0,391.94,39.71,0.0,0.0,2025-09-23T00:00:00+00:00,1970-01-01T00:00:00+00:00,1970-01-01T00:00:00+00:00,0.0,0.0,4.48,0.0,0.0,0.0,7700000000.0,0.0,593.0,400.8,73281749950.0,0.0,9297000000.0,0.0,11.41,0.0,0.08,7.88,0.76,9.52,0.9,41.02,81446000000.0,6.41,9.92,0.0,176582530.0,-2.53,55.33,36332000000.0,0.0,37.45,83674749950.0
0.0,f8eb2e95-6783-43ef-ba32-53981256bbd9,109606.67,68238.0,0.55,0.0,RUB,0.0,0.0,0.0,0.0,0.0,0.0,,0.0,0.0,-39.2,1.04,0.0,0.0,2021-04-23T00:00:00+00:00,1970-01-01T00:00:00+00:00,1970-01-01T00:00:00+00:00,0.0,0.0,0.51,0.0,0.0,0.0,845000000.0,0.0,76.35,40.1,39154632406.25,0.0,859000000.0,0.0,9.28,0.0,5.24,45.58,2.15,46.34,4.23,32.83,9261000000.0,2.73,4.89,0.0,826919375.0,3.67,-32.62,8121000000.0,0.0,44.53,46085632406.25
0.0,55bb33e5-da31-46bb-8693-d3e9789d9302,1994666666.67,1255800000.0,0.89,0.0,RUB,0.0,0.0,0.0,0.0,0.0,0.0,,0.0,0.0,-254.93,0.0,0.0,0.0,2008-04-01T00:00:00+00:00,1970-01-01T00:00:00+00:00,1970-01-01T00:00:00+00:00,0.0,0.0,0.0,0.0,0.0,0.0,6846897000.0,0.21,0.01,0.01,11251593423.51,0.0,-341960000.0,0.0,-0.56,0.0,12.24,0.0,1.02,1.64,0.19,36.24,60745796000.0,-0.68,-2.61,0.0,1458404850747.0,4.6,-14.05,13328265000.0,0.0,120.32,23627304423.51
0.0,0825af01-3cd6-4b41-bfe6-a6e6973e8191,6792127.67,4784717.12,0.88,0.0,RUB,0.0,0.0,0.0,0.0,0.0,0.0,,0.0,0.0,141.02,91.93,0.0,0.0,1970-01-01T00:00:00+00:00,1970-01-01T00:00:00+00:00,1970-01-01T00:00:00+00:00,0.0,0.0,0.0,0.0,0.0,0.0,25465000000.0,0.26,170.2,90.15,35000280000.0,0.0,27037000000.0,0.0,9.92,0.0,25.71,1.29,0.26,1.37,0.13,60.38,272459000000.0,7.96,21.25,0.0,294120000.0,3.67,11.79,66208000000.0,0.0,49.99,100867280000.0
0.0,53de5667-550e-497c-9204-a68ca94cd695,220140.0,196349.6,0.8,0.0,RUB,0.0,0.0,0.0,0.0,0.0,0.0,,0.0,0.0,-516.05,-37.45,0.0,0.0,2019-06-28T00:00:00+00:00,1970-01-01T00:00:00+00:00,1970-01-01T00:00:00+00:00,0.0,0.0,0.0,0.0,0.0,0.0,-2843231000.0,0.2,358.5,153.6,9535171772.0,0.0,-2189151000.0,0.0,-37.43,0.0,-46.59,0.0,2.06,-3.35,1.63,11.75,5848353000.0,-16.88,-38.18,0.0,58462120.0,-4.98,-3.71,3579255000.0,0.0,77.28,12896272772.0
0.0,fb0fb8a8-fcd5-4f78-b5aa-73b3be9f4454,11599460.0,6950054.0,0.81,0.0,RUB,0.0,0.0,0.0,0.0,0.0,0.0,,54.74,184833000000.0,40.34,14.2,3.6,0.0,2024-05-27T00:00:00+00:00,1970-01-01T00:00:00+00:00,1970-01-01T00:00:00+00:00,0.0,0.0,9.89,0.0,0.0,0.0,10516000000.0,0.21,168.2,94.58,677114813575.2,-0.06,85125000000.0,0.0,9.45,0.0,4.94,7.95,0.78,64.39,0.75,43.35,900512000000.0,7.81,10.17,0.0,5993227240.0,-6.36,-57.24,67976000000.0,0.0,7.85,665268813575.2
0.0,f4a0d2ed-a011-4ea3-a530-367e8fd0cdfb,526721.67,338653.04,0.29,0.0,RUB,0.0,0.0,121.72,45.0,10.07,45.0,,187.27,20322000000.0,-59.98,36.97,3.5,0.0,2025-10-17T00:00:00+00:00,1970-01-01T00:00:00+00:00,1970-01-01T00:00:00+00:00,0.0,0.0,8.39,0.0,0.0,0.0,16515000000.0,0.24,602.0,367.6,56500800000.0,0.72,4673000000.0,0.0,3.17,0.0,15.89,12.09,2.35,3.42,0.38,155.24,147517000000.0,4.17,18.41,0.0,126400000.0,21.82,129.17,33106000000.0,0.0,137.7,71123800000.0
0.0,5bed2760-74b8-498f-9e3f-0bdb5002e551,1775008.89,1072456.8,0.69,0.0,RUB,0.0,0.0,0.0,0.0,0.0,0.0,,0.0,56213000000.0,-1479.37,8.25,2.99,0.0,1970-01-01T00:00:00+00:00,1970-01-01T00:00:00+00:00,1970-01-01T00:00:00+00:00,0.0,0.0,0.0,0.0,0.0,0.0,33593000000.0,0.07,73.1,45.54,162554850000.0,0.1,24336000000.0,0.0,12.52,0.0,7.54,6.68,1.07,4.84,0.84,226.4,194314000000.0,9.77,15.96,0.0,2951250000.0,17.61,0.0,30519000000.0,0.0,20.03,167978850000.0
0.0,9f1ce2d9-a6e9-421f-8451-14207ba5830a,183028044.44,105103416.0,1.03,0.0,RUB,0.0,0.0,0.0,0.0,0.0,0.0,,0.0,0.0,-568.96,-2.52,0.0,0.0,2022-06-01T00:00:00+00:00,1970-01-01T00:00:00+00:00,1970-01-01T00:00:00+00:00,0.0,0.0,10.96,0.0,0.0,0.0,-28168000000.0,0.05,2.2,1.12,100533675000.0,0.0,-39556000000.0,0.0,-41.97,0.0,15.16,0.0,1.79,-3.57,1.07,74.2,94240000000.0,-19.4,-156.1,0.0,78450000000.0,3.3,258.82,98425000000.0,0.0,175.01,186322675000.0
0.0,190c521c-6374-4e8b-93c6-eabf7aa7fa4c,46680666.67,26133720.0,0.49,0.0,RUB,0.0,0.0,0.0,0.0,0.0,0.0,,83.6,13964699000.0,-303.86,-0.01,7.64,0.0,2020-01-13T00:00:00+00:00,1970-01-01T00:00:00+00:00,1970-01-01T00:00:00+00:00,0.0,0.0,1.06,0.0,0.0,0.0,-7791128000.0,0.03,0.7,0.41,56936505531.02,3.56,-622817000.0,0.0,-0.62,0.0,11.92,0.0,4.2,-7.31,0.57,31.28,100626713000.0,-0.66,-4.47,0.0,94815163249.0,8.53,36.3,50823473000.0,0.0,374.52,106694604531.02
0.0,f898047a-dac8-4717-a40f-7f11211139ef,853660.56,675473.96,0.65,0.0,RUB,0.0,0.0,118.47,938.0,18.06,938.0,,44.42,1406709000000.0,32.59,791.74,2.46,0.0,2026-01-12T00:00:00+00:00,1970-01-01T00:00:00+00:00,1970-01-01T00:00:00+00:00,0.0,0.0,11.94,0.0,0.0,0.0,878176000000.0,0.55,7981.5,4815.0,3598744767828.0,-0.1,548570000000.0,0.0,6.95,0.0,8.74,6.56,0.64,4.1,0.46,9.95,7889690000000.0,6.42,8.66,0.0,692865762.0,-2.96,-43.64,344678000000.0,0.0,6.14,3455175767828.0
0.0,8f07f088-1126-4f9b-bb3b-97deddab9391,83434.22,85108.88,0.67,0.0,RUB,0.0,0.0,0.0,0.0,0.0,0.0,,0.0,4805000000.0,0.0,-13.93,7.03,0.0,2024-10-07T00:00:00+00:00,1970-01-01T00:00:00+00:00,1970-01-01T00:00:00+00:00,0.0,0.0,0.47,0.0,0.0,0.0,4098000000.0,0.09,225.8,99.0,18596037777.75,3.16,-2449000000.0,0.0,-8.19,0.0,33.61,0.0,4.37,4.54,0.62,0.0,29913000000.0,-6.38,-42.42,0.0,175849057.0,0.0,0.0,15352000000.0,0.0,360.88,33763037777.75
0.0,b27da9b1-d51c-4ae2-91bb-a2873992a46c,2201914.29,1865813.04,0.38,0.0,RUB,0.0,0.0,74.17,0.23,9.66,0.23,,0.0,0.0,2826.85,0.31,0.0,0.0,2025-07-05T00:00:00+00:00,1970-01-01T00:00:00+00:00,1970-01-01T00:00:00+00:00,0.0,0.0,3.2,0.0,0.0,0.0,0.0,0.0,2.75,1.87,3019137100.0,0.0,393360000.0,0.0,0.0,0.0,659.4,7.68,2.86,0.0,0.35,2791.09,8702506000.0,9.36,47.53,0.0,1268545000.0,174.15,0.0,0.0,0.0,0.0,0.0
0.0,6493c12b-0671-4fe2-9d5e-fc0b1663aa92,7.57,6.36,0.29,0.0,RUB,0.0,0.0,35.73,2803.2,10.62,2803.2,,0.0,0.0,0.0,7844.93,0.0,0.0,2026-01-16T00:00:00+00:00,1970-01-01T00:00:00+00:00,1970-01-01T00:00:00+00:00,0.0,0.0,8.33,0.0,0.0,0.0,22721165000.0,0.0,32899.93,24500.03,94039041089.24,0.0,27944154000.0,0.0,15.5,0.0,87.89,3.37,1.47,4.14,0.52,0.0,180308920000.0,27.57,46.4,0.0,3562066.0,0.0,0.0,137904000.0,0.0,0.22,74333355089.24
0.0,84cd22cb-6bbf-42cc-944c-e57af772d3d5,8538900.0,6580824.0,0.3,0.0,RUB,0.0,0.0,0.0,0.96,11.1,0.96,,0.0,0.0,-38.07,0.0,0.0,0.0,2025-07-14T00:00:00+00:00,1970-01-01T00:00:00+00:00,1970-01-01T00:00:00+00:00,0.0,0.0,8.34,0.0,0.0,0.0,0.0,0.1,11.0,8.05,166115907825.0,0.0,0.0,0.0,0.0,0.0,5.44,0.0,0.9,0.0,0.0,26.84,0.0,18.04,23.95,0.0,19259815400.0,0.0,-78.87,14553000000.0,0.0,7.85,158620907825.0
0.0,8558bad9-44a4-4f91-bca7-9c6e8bcd454f,65855811111.11,29449196000.0,0.49,0.0,RUB,0.0,0.0,0.0,0.0,0.0,0.0,,0.0,0.0,33.62,0.0,0.0,0.0,2021-07-02T00:00:00+00:00,1970-01-01T00:00:00+00:00,1970-01-01T00:00:00+00:00,0.0,0.0,8.31,0.0,0.0,0.0,0.0,0.19,0.01,0.01,30048445683.59,0.0,0.0,0.0,0.0,0.0,15.06,0.0,0.19,0.0,0.0,29.65,0.0,3.79,4.96,0.0,3854341416571.0,3.42,-36.46,16683000000.0,0.0,10.68,46562445683.59
0.0,8a41634f-7e22-465c-b8f1-4b9d5292f973,107173333.33,64232800.0,0.58,0.0,RUB,0.0,0.0,0.0,0.0,0.0,0.0,,1157.63,19062619000.0,-287.87,0.05,1.84,0.0,2019-06-18T00:00:00+00:00,1970-01-01T00:00:00+00:00,1970-01-01T00:00:00+00:00,0.0,0.0,0.0,0.0,0.0,0.0,-589578000.0,0.39,0.1,0.06,13617400086.59,1.12,7994977000.0,0.0,10.55,0.0,10.54,1.7,1.06,-23.1,0.18,48.39,75780886000.0,14.44,85.23,0.0,151641426354.0,9.1,39.22,23934210000.0,0.0,185.74,35016999086.59
0.0,fbd323fd-389c-494a-8a19-a76f36bceb35,104006.57,144400.37,0.15,0.0,RUB,0.0,0.0,0.0,0.0,0.0,0.0,,0.0,0.0,0.0,-3.61,0.0,0.0,1970-01-01T00:00:00+00:00,1970-01-01T00:00:00+00:00,1970-01-01T00:00:00+00:00,0.0,0.0,0.0,0.0,0.0,0.0,-191097000.0,0.0,35.2,21.4,3053451506.56,0.0,-378411000.0,0.0,-64.76,0.0,0.0,0.0,38.49,-15.98,5.23,0.0,584331000.0,-181.27,-745.02,0.0,104857538.0,0.0,0.0,101010000.0,0.0,127.34,3089606506.56
