figi,ticker,name,asset_uid,issue_size,shares_outstanding,free_float,market_capitalization,pe_ratio_ttm,price_to_book_ttm,price_to_sales_ttm,roe,roa,net_margin_mrq,revenue_ttm,net_income_ttm,total_debt_mrq,total_debt_to_equity_mrq,average_daily_volume_last_10_days,average_daily_volume_last_4_weeks,high_price_last_52_weeks,low_price_last_52_weeks,currency_x,uid,adr_to_common_share_ratio,beta,buy_back_ttm,currency_y,current_ratio_mrq,diluted_eps_ttm,dividend_payout_ratio_fy,dividend_rate_ttm,dividend_yield_daily_ttm,dividends_per_share,domicile_indicator_code,ebitda_change_five_years,ebitda_ttm,eps_change_five_years,eps_ttm,ev_to_ebitda_mrq,ev_to_sales,ex_dividend_date,fiscal_period_end_date,fiscal_period_start_date,five_year_annual_dividend_growth_rate,five_year_annual_revenue_growth_rate,five_years_average_dividend_yield,fixed_charge_coverage_ratio_fy,forward_annual_dividend_yield,free_cash_flow_to_price,free_cash_flow_ttm,net_debt_to_ebitda,net_interest_margin_mrq,number_of_employees,one_year_annual_revenue_growth_rate,price_to_free_cash_flow_ttm,revenue_change_five_years,roic,three_year_annual_revenue_growth_rate,total_debt_change_five_years,total_debt_to_ebitda_mrq,total_enterprise_value_mrq
BBG004S68CV8,VSMO,ВСМПО-АВИСМА,f712e646-7c5d-4266-aabd-a18c9c65a7e2,11529538,11529538.0,0.1,365947536120.0,53.12,1.21,3.38,2.26,1.46,6.36,108271800000.0,6889243000.0,63814414000.0,21.14,1545.22,1273.68,43400.0,24260.0,,e9139ddd-bf3c-4d03-a94f-ffdf7234c6be,0.0,1.0,0.0,RUB,0.0,0.0,0.0,0.0,0.0,0.0,,0.0,0.0,-18.9,597.53,0.0,0.0,2024-06-03T00:00:00+00:00,1970-01-01T00:00:00+00:00,1970-01-01T00:00:00+00:00,0.0,0.0,1.37,0.0,0.0,0.0,3964329000.0,0.0,0.0,0.0,-2.41,92.31,12.45,0.0,0.0,-19.18,0.0,397498692120.0
BBG000Q7ZZY2,UNAC,Объединенная авиастроительная корпорация,68af184b-07c1-4f27-8889-62d869f9dc0e,1009366990290,1009366990290.0,0.03,490047673785.8,0.0,4.93,0.82,-15.4,-0.54,-2.06,599897000000.0,-12356000000.0,828345000000.0,833.67,226819555.56,164217680.0,0.74,0.47,,43666aea-a4df-46e1-a815-e5eccbc1fb3f,0.0,0.56,0.0,RUB,0.0,0.0,0.0,0.0,0.0,0.0,,0.0,0.0,-87.42,-0.01,0.0,0.0,2015-07-10T00:00:00+00:00,1970-01-01T00:00:00+00:00,1970-01-01T00:00:00+00:00,0.0,0.0,0.0,0.0,0.0,0.0,-179814000000.0,0.0,0.0,0.0,13.1,-2.73,53.4,0.0,4.8,64.31,0.0,1036357673785.79
TCS00A10ANA1,CNRU,Циан,8c1ee6c2-b233-492a-844b-871ad85296f0,77670490,77670490.0,0.37,44660531750.0,0.0,4.06,0.0,28.68,21.11,0.0,0.0,0.0,0.0,0.0,128799.11,105126.28,764.8,477.4,,b125d6c0-e90b-49be-8b75-f7e1990250a0,0.0,0.44,0.0,RUB,0.0,0.0,0.0,104.0,18.09,104.0,,0.0,0.0,0.0,0.0,0.0,0.0,2025-12-12T00:00:00+00:00,1970-01-01T00:00:00+00:00,1970-01-01T00:00:00+00:00,0.0,0.0,14.21,0.0,0.0,0.0,0.0,0.0,0.0,0.0,12.24,0.0,0.0,0.0,0.0,0.0,0.0,0.0
TCS00A106YF0,VKCO,ВК,f0a6fe09-3981-4501-a8f5-91821935e4d4,572904180,572904180.0,0.2,181066366089.0,0.0,1.26,1.21,-82.56,-23.74,-55.35,149952000000.0,-83002000000.0,103338000000.0,72.06,2767808.56,2090175.04,366.5,230.6,,b71bd174-c72c-41b0-a66f-5f9073e0d1f5,0.0,0.7,0.0,RUB,0.0,0.0,0.0,0.0,0.0,0.0,,0.0,6212000000.0,0.0,-364.24,39.71,0.0,1970-01-01T00:00:00+00:00,1970-01-01T00:00:00+00:00,1970-01-01T00:00:00+00:00,0.0,0.0,0.0,0.0,0.0,0.0,-39098000000.0,10.56,0.0,0.0,11.15,-4.63,0.0,0.0,0.0,0.0,0.0,246659366089.0
BBG004RVFCY3,MGNT,Магнит,4833e124-265f-4879-adc8-58bdf983f54e,101911355,101911355.0,0.67,331517637815.0,12.26,1.8,0.1,15.68,1.75,0.83,3256598788000.0,27034086000.0,505769394000.0,274.84,198442.22,265423.79,5470.0,2781.5,,ca845f68-6c43-44bc-b584-330d2a1e5eb7,0.0,0.61,0.0,RUB,0.0,0.0,0.0,0.0,0.0,0.0,,85.11,306951000000.0,363.54,265.27,2.5,0.0,2024-07-15T00:00:00+00:00,1970-01-01T00:00:00+00:00,1970-01-01T00:00:00+00:00,0.0,0.0,8.64,0.0,0.0,0.0,-80000349000.0,1.42,0.0,0.0,19.6,-4.14,122.36,0.0,17.92,108.82,0.0,766081076815.0
TCS009124010,KZIZ,Красногорский завод им. С.А. Зверева - ао,57f975c5-abf2-4660-a2d8-82fd070896f0,6333458,6333458.0,0.0,1583301165.42,0.0,0.18,0.07,-17.79,-3.15,-7.03,22923844000.0,-1612235000.0,15212004000.0,175.61,452.86,407.11,550.0,212.0,,0f3165ef-3b53-4bc0-a4c8-19d0016b0b6d,0.0,0.56,0.0,RUB,0.0,0.0,0.0,0.0,0.0,0.0,,0.0,0.0,-660.43,-254.56,0.0,0.0,1970-01-01T00:00:00+00:00,1970-01-01T00:00:00+00:00,1970-01-01T00:00:00+00:00,0.0,0.0,0.0,0.0,0.0,0.0,-5678354000.0,0.0,0.0,0.0,24.0,-0.28,28.35,0.0,0.0,86.66,0.0,14460969165.42
TCS00A105EX7,WUSH,Whoosh,dca70560-9c9f-4fff-98e8-ba7dc78da7cc,111382432,111382432.0,0.32,10395322378.56,0.0,1.81,0.83,-31.95,-9.35,-16.58,12564696000.0,-2082903000.0,13521305000.0,234.81,5418891.33,4230045.88,242.86,76.4,,b993e814-9986-4434-ae88-b086066714a0,0.0,0.84,0.0,RUB,0.0,0.0,0.0,0.0,0.0,0.0,,0.0,3240695000.0,0.0,-18.7,7.08,0.0,2024-12-06T00:00:00+00:00,1970-01-01T00:00:00+00:00,1970-01-01T00:00:00+00:00,0.0,0.0,6.04,0.0,0.0,0.0,-3897682000.0,3.88,0.0,0.0,33.3,-2.67,0.0,0.0,0.0,0.0,0.0,22957477378.56
TCS00A0JPP37,UGLD,Южуралзолото ГК,27cee80c-18f8-450f-a1a2-8b0002f40358,222778849052,222778849052.0,0.11,176485404218.99,16.48,3.19,2.05,21.57,6.97,12.47,85910000000.0,10709000000.0,76011000000.0,137.2,11927428888.89,5376001875.0,1.09,0.46,,48bd9002-43be-4528-abf4-dc8135ad4550,0.0,0.46,0.0,RUB,0.0,0.0,0.0,0.0,0.0,0.0,,99.76,35612000000.0,-3.35,0.05,7.05,0.0,1970-01-01T00:00:00+00:00,1970-01-01T00:00:00+00:00,1970-01-01T00:00:00+00:00,0.0,0.0,0.0,0.0,0.0,0.0,-8387000000.0,2.09,0.0,0.0,11.95,-21.04,83.44,0.0,10.84,414.56,0.0,251022404218.99
BBG000SK7JS5,LNZL,Лензолото,c6afcf42-d81f-4c8a-86de-aa302b20f171,1140300,1140300.0,0.05,7811055000.0,162.73,24.64,0.0,4.27,3.5,0.0,0.0,48000000.0,99000000.0,31.23,4115.67,3115.44,16000.0,3400.0,,4563f7a1-8245-4caf-aba5-ac49827ba775,0.0,0.49,0.0,RUB,0.0,0.0,0.0,0.0,0.0,0.0,,0.0,0.0,-96.95,42.09,0.0,0.0,2024-12-27T00:00:00+00:00,1970-01-01T00:00:00+00:00,1970-01-01T00:00:00+00:00,0.0,0.0,30.73,0.0,0.0,0.0,77000000.0,0.0,0.0,0.0,0.0,101.44,0.0,0.0,0.0,-80.2,0.0,7396055000.0
BBG002458LF8,SELG,Селигдар,d4e13625-5533-401e-8027-6e6d8305aa36,1030000000,1030000000.0,0.25,62088400000.0,0.0,4.46,0.79,-64.1,-5.67,-13.3,78139671000.0,-10390669000.0,136083765000.0,976.96,60652342.22,30602133.2,69.66,39.54,,0d28c01b-f841-4e89-9c92-0ee23d12883a,0.0,0.56,0.0,RUB,0.0,0.0,0.0,0.0,0.0,0.0,,151.45,31027232000.0,-703.25,-10.09,6.15,0.0,2024-10-11T00:00:00+00:00,1970-01-01T00:00:00+00:00,1970-01-01T00:00:00+00:00,0.0,0.0,10.49,0.0,0.0,0.0,-28813821000.0,4.14,0.0,0.0,5.92,-2.15,168.62,0.0,18.52,260.61,0.0,190672319000.0
TCS009086904,SLAV,Славнефть,fdc25807-6e48-4ae8-997f-400164c322d8,4754238000,4754238000.0,0.0,146715784680.0,0.0,0.47,0.36,-3.81,-1.6,-2.98,405587000000.0,-12105000000.0,0.0,0.0,3964.71,2510.58,67.73,28.5,,2c69924a-fcf4-4d3c-8c02-02cd665f554d,0.0,0.44,0.0,RUB,0.0,0.0,0.0,0.0,0.0,0.0,,0.0,0.0,-107.61,-2.55,0.0,0.0,1970-01-01T00:00:00+00:00,1970-01-01T00:00:00+00:00,1970-01-01T00:00:00+00:00,0.0,0.0,0.0,0.0,0.0,0.0,13387000000.0,0.0,0.0,0.0,15.7,10.96,44.45,0.0,12.34,0.0,0.0,0.0
TCS00A0JNXF9,PRFN,ЧЗПСН-Профнастил,447f6b00-b6ea-4f47-8cd8-eb23d1d71647,838287450,838287450.0,0.0,3758880925.8,6.52,1.44,0.23,24.63,8.86,3.48,16563193000.0,576549000.0,2402000.0,0.09,1304400.0,1051704.0,5.6,3.54,,16bb8ed3-2cb1-4d89-8f04-afe0b34e21d0,0.0,0.78,0.0,RUB,0.0,0.0,0.0,0.0,0.0,0.0,,0.0,0.0,901.39,0.69,0.0,0.0,1970-01-01T00:00:00+00:00,1970-01-01T00:00:00+00:00,1970-01-01T00:00:00+00:00,0.0,0.0,0.0,0.0,0.0,0.0,157365000.0,0.0,0.0,0.0,38.39,23.89,252.54,0.0,19.2,-42.26,0.0,3744457925.8
TCS00A105NV2,CARM,КарМани,1128b5b8-9256-4788-94be-27bbe9a898d4,2917616015,2917616015.0,0.11,4590868799.6,0.0,0.86,1.41,-3.3,-1.69,0.0,3263652000.0,-149779000.0,0.0,0.0,1249133.33,1171648.0,1.99,1.4,,330a4507-03f9-4f8d-8303-492ba09cccba,0.0,0.04,0.0,RUB,0.0,0.0,0.0,0.08,5.08,0.08,,0.0,0.0,0.0,-0.07,0.0,0.0,2025-12-10T00:00:00+00:00,1970-01-01T00:00:00+00:00,1970-01-01T00:00:00+00:00,0.0,0.0,4.33,0.0,0.0,0.0,0.0,0.0,0.0,0.0,15.93,0.0,0.0,0.0,8.31,0.0,0.0,0.0
BBG008F2T3T2,RUAL,РУСАЛ,7d1ad8e7-9a2d-48fe-8c62-c92564d54e11,15193014862,15193014862.0,0.18,581740539065.98,37.51,0.61,0.46,1.49,0.77,1.23,1257609884786.43,15508929967.27,667609998000.0,70.29,81975936.67,70045369.6,44.0,27.6,,f866872b-8f68-4b6e-930f-749fe9aa79c0,0.0,0.73,0.0,RUB,0.0,0.0,0.0,0.0,0.0,0.0,,121.08,132235016600.07,19.57,0.98,8.78,0.0,2022-10-19T00:00:00+00:00,1970-01-01T00:00:00+00:00,1970-01-01T00:00:00+00:00,0.0,0.0,3.65,0.0,0.0,0.0,17379567204.11,4.38,0.0,0.0,7.46,33.47,77.85,0.0,8.17,57.28,0.0,1161073474565.98
BBG00BGKYH17,NKHP,НКХП,11da2c0b-9bf5-4801-9da8-998b329254de,67597000,67597000.0,0.19,37786723000.0,9.1,2.32,4.8,25.99,23.16,52.81,7865756000.0,4153646000.0,34440000.0,0.21,122492.22,61462.4,1063.5,390.0,,d0b3723c-35f8-497c-97f7-345bbcfbf1e1,0.0,0.81,0.0,RUB,0.0,0.0,38.59,23.71,4.24,23.71,,340.17,4818073000.0,552.66,61.45,6.75,0.0,2025-12-19T00:00:00+00:00,1970-01-01T00:00:00+00:00,1970-01-01T00:00:00+00:00,0.0,0.0,5.42,0.0,0.0,0.0,2679985000.0,-1.1,0.0,0.0,20.73,14.1,-39.82,0.0,20.51,-97.78,0.0,32499618000.0
TCS00A0F61T7,TGKJ,Форвард Энерго,3941418c-804d-4f5f-8da5-c1867b83e6d7,880387078,880387078.0,0.0,52823224680.0,0.0,0.0,0.0,0.0,0.0,0.0,0.0,0.0,0.0,0.0,7478.5,3956.61,108.79,53.12,,0102d253-5095-499c-934e-5a5fd6fce00d,0.0,0.31,0.0,RUB,0.0,0.0,0.0,0.0,0.0,0.0,,0.0,0.0,0.0,0.0,0.0,0.0,1970-01-01T00:00:00+00:00,1970-01-01T00:00:00+00:00,1970-01-01T00:00:00+00:00,0.0,0.0,0.0,0.0,0.0,0.0,0.0,0.0,0.0,0.0,0.0,0.0,0.0,0.0,0.0,0.0,0.0,0.0
BBG004S68B31,ALRS,АЛРОСА,f924d7df-b6d0-4e36-9bf7-f38aaac2ce53,7364965630,7364965630.0,0.34,306235270895.4,13.19,0.75,1.58,5.88,3.61,11.98,193856000000.0,23218000000.0,177652000000.0,43.25,11070135.56,8420691.2,65.48,37.72,,30817fea-20e6-4fee-ab1f-d20fc1a1bb72,0.0,0.71,0.0,RUB,0.0,0.0,0.0,0.0,0.0,0.0,,-26.54,51632000000.0,-69.32,3.15,8.2,0.0,2024-10-18T00:00:00+00:00,1970-01-01T00:00:00+00:00,1970-01-01T00:00:00+00:00,0.0,0.0,7.35,0.0,0.0,0.0,-53067000000.0,2.27,0.0,0.0,-25.89,-5.77,2.67,0.0,-10.37,17.57,0.0,423245270895.4
TCS00A107ER5,DIAS,Диасофт,8825caa4-258d-4965-881c-33d70c3e5fc6,10500000,10500000.0,0.07,17970750000.0,0.0,2.91,0.0,0.0,0.0,0.0,0.0,0.0,595035000.0,9.65,12865.11,15684.96,4444.5,1655.0,,3f692296-eee8-4854-a905-019d6377961f,0.0,0.39,0.0,RUB,0.0,0.0,0.0,151.3,8.84,151.3,,0.0,0.0,0.0,0.0,0.0,0.0,2025-12-22T00:00:00+00:00,1970-01-01T00:00:00+00:00,1970-01-01T00:00:00+00:00,0.0,0.0,4.47,0.0,0.0,0.0,0.0,0.0,0.0,0.0,0.0,0.0,0.0,0.0,0.0,0.0,0.0,18019790000.0
BBG004RVFFC0,TATN,Татнефть,9da0b54d-f8dd-4e75-9081-ec0b8257775c,2178690700,2178690700.0,0.32,1240110746440.0,5.86,0.97,0.63,16.31,9.92,10.71,1977399000000.0,211753000000.0,66925000000.0,5.25,1268014.78,1143141.67,769.8,511.1,,88468f6c-c67a-4fb4-a006-53eed803883c,0.0,0.75,0.0,RUB,0.0,0.0,67.48,65.59,11.52,65.59,,64.5,396200000000.0,60.22,97.19,3.15,0.0,2026-01-09T00:00:00+00:00,1970-01-01T00:00:00+00:00,1970-01-01T00:00:00+00:00,0.0,0.0,10.4,0.0,0.0,0.0,165945000000.0,0.02,0.0,0.0,27.77,7.47,117.78,0.0,17.07,-67.8,0.0,1246456746440.0
TCS80A0JV532,GRNT,Городские Инновационные Технологии,12b02d9e-99f9-4a74-938c-0cc6ca7d0e8f,1169875000,1169875000.0,0.0,105990675.0,1.0,0.09,-1.01,9.68,6.89,-101.04,-105281000.0,106377000.0,9558000.0,0.83,26824940.0,13299330.28,0.33,0.05,,05cd89b6-b99d-42cc-a77c-a4e9eb84168e,0.0,0.57,0.0,RUB,0.0,0.0,0.0,0.0,0.0,0.0,,0.0,0.0,0.0,0.09,0.0,0.0,1970-01-01T00:00:00+00:00,1970-01-01T00:00:00+00:00,1970-01-01T00:00:00+00:00,0.0,0.0,0.0,0.0,0.0,0.0,0.0,0.0,0.0,0.0,-52.04,0.0,0.0,0.0,0.0,0.0,0.0,87095675.0
BBG004S682Z6,RTKM,Ростелеком,90d90ce6-3fb7-4eba-bf7e-d02163ecaae2,3282997929,3282997929.0,0.29,218122382402.76,9.41,0.78,0.26,8.34,1.68,2.77,836214000000.0,23185000000.0,623126000000.0,221.67,4373088.89,3300142.4,80.92,51.55,,02eda274-10c4-4815-8e02-a8ee7eaf485b,0.0,0.68,0.0,RUB,0.0,0.0,38.37,2.71,4.08,2.71,,0.0,0.0,46.05,7.06,0.0,0.0,2025-08-13T00:00:00+00:00,1970-01-01T00:00:00+00:00,1970-01-01T00:00:00+00:00,0.0,0.0,5.81,0.0,0.0,0.0,-31534000000.0,0.0,0.0,0.0,10.19,-6.92,131.15,0.0,10.37,137.08,0.0,816353382402.76
TCS30A108JF7,PRMD,Промомед,8aab3ce5-5196-4258-b8e6-62ee7c0e2f16,212500000,212500000.0,0.07,86434375000.0,20.15,4.11,3.17,24.42,8.63,15.72,27288942000.0,4288536000.0,22687641000.0,107.9,130134.89,85011.56,505.0,343.3,,2ce7103b-d526-4c71-87be-0bd3f49a8b51,0.0,0.49,0.0,RUB,0.0,0.0,0.0,0.0,0.0,0.0,,0.0,10312120000.0,0.0,20.18,10.33,0.0,1970-01-01T00:00:00+00:00,1970-01-01T00:00:00+00:00,1970-01-01T00:00:00+00:00,0.0,0.0,0.0,0.0,0.0,0.0,-3294207000.0,1.95,0.0,0.0,35.39,-26.24,0.0,0.0,9.42,0.0,0.0,106526884000.0
BBG000RG4ZQ4,TGKN,ТГК-14,d0952a9f-7886-4061-8807-a7a1ac5d6f8e,1357945609114,1357945609114.0,0.09,9885844034.35,6.49,1.5,0.48,22.69,5.86,7.36,20683397000.0,1522849000.0,22277941000.0,339.14,86999111111.11,41468124000.0,0.01,0.0,,41133bf9-9b9d-4d28-8864-9160b57871d1,0.0,0.74,0.0,RUB,0.0,0.0,61.41,0.0,9.46,0.0,,124.66,0.0,493.54,0.0,0.0,0.0,2025-05-26T00:00:00+00:00,1970-01-01T00:00:00+00:00,1970-01-01T00:00:00+00:00,0.0,0.0,9.49,0.0,0.0,0.0,-2566726000.0,0.0,0.0,0.0,13.83,-3.85,50.14,0.0,14.0,246.05,0.0,21045319034.35
TCS00A0ZZFU5,DOMRF,ПАО ДОМ.РФ,8557fdd0-e5ec-4bae-8556-40aa79d9da77,179888718,179888718.0,0.1,379115473185.0,5.42,0.91,0.45,17.95,1.27,0.0,845615000000.0,69980000000.0,0.0,0.0,224900.11,177839.68,2150.0,1696.0,,aac2b935-3d94-4030-83a1-f7acdd9b05a5,0.0,0.0,0.0,RUB,0.0,0.0,0.0,0.0,0.0,0.0,,0.0,0.0,0.0,0.0,0.0,0.0,1970-01-01T00:00:00+00:00,1970-01-01T00:00:00+00:00,1970-01-01T00:00:00+00:00,0.0,0.0,0.0,0.0,0.0,0.0,0.0,0.0,0.0,0.0,118.83,0.0,827.8,0.0,80.0,0.0,0.0,0.0
TCS90A0JQUZ6,RAGR,РусАгро,0c0f20b3-82ca-4f0c-afbd-6df987e5ac4e,958749600,958749600.0,0.2,119824525008.0,3.24,0.52,0.3,18.17,8.38,9.31,397191781000.0,36966104000.0,169468494000.0,72.95,4139164.67,2465612.88,244.5,94.78,,9b9a584e-448f-40da-9ba8-353b44ad697a,0.0,0.9,0.0,RUB,0.0,0.0,0.0,0.0,0.0,0.0,,179.49,62262915000.0,0.0,38.56,4.21,0.0,1970-01-01T00:00:00+00:00,1970-01-01T00:00:00+00:00,1970-01-01T00:00:00+00:00,0.0,0.0,0.0,0.0,0.0,0.0,-15845540000.0,2.28,0.0,0.0,37.07,-7.56,149.13,0.0,15.86,60.03,0.0,261878130008.0
BBG000RTHVK7,GCHE,Группа Черкизово,525ea1a3-e44e-4a99-baab-7f71e70a604a,42222042,42222042.0,0.03,152421571620.0,14.11,1.19,0.56,8.52,3.35,3.97,272329000000.0,10806000000.0,153837000000.0,120.26,3514.33,4296.42,4745.0,2911.0,,231e5e27-9956-47e7-ad50-6e802e4a92ed,0.0,0.53,0.0,RUB,0.0,0.0,38.65,98.92,2.74,98.92,,124.81,43944000000.0,199.7,255.93,6.7,0.0,2025-04-07T00:00:00+00:00,1970-01-01T00:00:00+00:00,1970-01-01T00:00:00+00:00,0.0,0.0,5.09,0.0,0.0,0.0,-8316000000.0,3.24,0.0,0.0,14.37,-18.33,115.87,0.0,17.96,123.8,0.0,294643571620.0
TCS90A0JVBT9,UWGN,ОВК,3b1e4438-02bf-49c7-bb0d-31919a8f211f,2905885544,2905885544.0,0.13,91535394636.0,2.76,1.25,0.72,57.5,31.82,25.89,127974000000.0,33129000000.0,0.0,0.0,2637567.11,2896192.28,61.68,28.24,,17017bf0-ed5c-47be-8fae-c0cedbfabe32,0.0,0.59,0.0,RUB,0.0,0.0,0.0,0.0,0.0,0.0,,287.63,44171000000.0,1.36,11.4,0.0,0.0,1970-01-01T00:00:00+00:00,1970-01-01T00:00:00+00:00,1970-01-01T00:00:00+00:00,0.0,0.0,0.0,0.0,0.0,0.0,4426000000.0,0.0,0.0,0.0,76.74,20.68,124.84,0.0,0.0,0.0,0.0,0.0
TCS40A10B5G8,FIXR,"Публичное акционерное общество ""Фикс Прайс""",6ac8aa3a-2e68-42d4-9627-b1d7e3171945,100000000000,100000000000.0,0.15,57290000000.0,3.37,1.07,0.18,30.22,12.66,5.4,314763000000.0,17000000000.0,12332000000.0,23.04,81080222.22,101119000.0,0.58,0.55,,8be64b53-a46b-451c-8152-1c871f122d5b,0.0,0.39,0.0,RUB,0.0,0.0,0.0,0.0,0.0,0.0,,95.4,46871000000.0,0.0,0.17,1.43,0.0,1970-01-01T00:00:00+00:00,1970-01-01T00:00:00+00:00,1970-01-01T00:00:00+00:00,0.0,0.0,0.0,0.0,0.0,0.0,17433000000.0,0.21,0.0,0.0,7.91,3.29,120.42,0.0,10.97,260.89,0.0,67094000000.0
BBG000GQSRR5,NKNC,Нижнекамскнефтехим,3c04b636-d74a-4d8a-947a-1764a8c2485e,1611256000,1611256000.0,0.19,129142168400.0,3.44,0.36,0.45,11.1,6.31,13.15,285633000000.0,37560000000.0,194927000000.0,54.94,39000.0,26848.4,104.4,76.0,,7fad3575-99ca-4b36-807c-9c7c37e64b29,0.0,0.56,0.0,RUB,0.0,0.0,12.57,2.93,3.66,2.93,,0.0,0.0,28.0,23.31,0.0,0.0,2025-07-01T00:00:00+00:00,1970-01-01T00:00:00+00:00,1970-01-01T00:00:00+00:00,0.0,0.0,4.16,0.0,0.0,0.0,0.0,0.0,0.0,0.0,14.19,0.0,50.7,0.0,0.0,263.41,0.0,298181168400.0
BBG000BX7DH0,VRSB,ТНС энерго Воронеж,9809ead1-938d-4834-988b-1742afa94ff4,56151024,56151024.0,0.0,21646219752.0,11.85,2.65,0.64,22.17,14.55,5.37,34034002000.0,1826068000.0,0.0,0.0,12924.44,10923.2,521.0,286.5,,3c899002-e8f5-42fd-b617-4bc2f31e6767,0.0,0.64,0.0,RUB,0.0,0.0,21.36,6.95,1.8,6.95,,0.0,0.0,630.33,32.52,0.0,0.0,2025-06-27T00:00:00+00:00,1970-01-01T00:00:00+00:00,1970-01-01T00:00:00+00:00,0.0,0.0,3.09,0.0,0.0,0.0,531168000.0,0.0,0.0,0.0,6.91,40.75,28.49,0.0,3.93,0.0,0.0,0.0
TCS00A0JRH43,MBNK,МТС-Банк,d0a04b4e-3fb8-447e-9f08-c8a856784e90,37526637,37526637.0,0.12,51805522378.5,5.19,0.42,0.35,8.84,1.5,0.0,149650688000.0,9979265000.0,0.0,0.0,47068.56,40968.29,1715.0,1123.0,,459a1a0a-0253-465a-bd4e-afaaf5e670b0,0.0,0.8,0.0,RUB,0.0,0.0,32.5,89.31,6.47,89.31,,0.0,0.0,489.81,274.8,0.0,0.0,2025-07-11T00:00:00+00:00,1970-01-01T00:00:00+00:00,1970-01-01T00:00:00+00:00,0.0,0.0,7.59,0.0,0.0,0.0,0.0,0.0,0.0,0.0,39.59,0.0,315.97,0.0,37.25,0.0,0.0,0.0
BBG004730JJ5,MOEX,Московская Биржа,d68f33b3-76d9-423b-a656-b2580cb0c9f2,2276401458,2276401458.0,0.65,421430201919.54,6.74,1.66,3.02,24.55,0.56,0.0,139464800000.0,62567400000.0,0.0,0.0,6231662.22,4065432.0,244.46,154.1,,5e1c2634-afc4-4e50-ad6d-f78fc14a539a,0.0,0.51,0.0,RUB,0.0,0.0,95.0,26.11,14.1,26.11,,0.0,0.0,292.3,27.49,0.0,0.0,2025-07-10T00:00:00+00:00,1970-01-01T00:00:00+00:00,1970-01-01T00:00:00+00:00,0.0,0.0,7.07,0.0,0.0,0.0,0.0,0.0,0.0,0.0,45.17,0.0,290.75,0.0,40.72,0.0,0.0,0.0
TCS009084453,NOMP,Новошип - ао,310de6ec-ca06-4718-bbe2-893abebbe4b5,286836224,286836224.0,0.0,40495538104.32,38.34,0.34,1.79,0.92,0.59,4.66,22662217000.0,1056102000.0,0.0,0.0,417.67,490.83,269.99,120.44,,b24fa6a8-b700-4afb-8e24-2c7ed5e4888e,0.0,0.13,0.0,RUB,0.0,0.0,0.0,0.0,0.0,0.0,,0.0,0.0,-54.39,3.68,0.0,0.0,2025-01-09T00:00:00+00:00,1970-01-01T00:00:00+00:00,1970-01-01T00:00:00+00:00,0.0,0.0,6.4,0.0,0.0,0.0,26651833000.0,0.0,0.0,0.0,-47.94,1.52,-1.6,0.0,0.0,0.0,0.0,0.0
BBG0047315D0,SNGS,Сургутнефтегаз,56195dde-fd1a-4026-b8e0-42dbda342c7c,35725994705,35725994705.0,0.25,793117082451.0,0.6,0.11,0.35,20.35,18.08,58.88,2245468000000.0,1322113000000.0,0.0,0.0,32232377.78,28445552.0,30.37,19.56,,1ffe1bff-d7b7-4b04-b482-34dc9cc0a4ba,0.0,0.55,0.0,RUB,0.0,0.0,2.43,0.9,4.05,0.9,,0.0,0.0,55.48,37.01,0.0,0.0,2025-07-17T00:00:00+00:00,1970-01-01T00:00:00+00:00,1970-01-01T00:00:00+00:00,0.0,0.0,2.82,0.0,0.0,0.0,330143000000.0,0.0,0.0,0.0,-4.67,2.4,44.31,0.0,27.82,0.0,0.0,0.0
BBG004S68BH6,PIKK,ПИК СЗ (ПАО) ао,c14ab000-c378-432d-9686-1055170a4c3d,660497344,660497344.0,0.21,320935659449.6,16.17,0.78,0.43,5.01,1.25,2.69,738360000000.0,19844000000.0,720849000000.0,175.03,1316398.78,1417462.68,828.4,359.7,,03d5e771-fc10-438e-8892-85a40733612d,0.0,0.84,0.0,RUB,0.0,0.0,0.0,0.0,0.0,0.0,,37.45,77088000000.0,-36.46,30.04,10.55,0.0,2021-05-14T00:00:00+00:00,1970-01-01T00:00:00+00:00,1970-01-01T00:00:00+00:00,0.0,0.0,4.2,0.0,0.0,0.0,-92993000000.0,6.38,0.0,0.0,15.34,-3.45,140.54,0.0,11.44,364.91,0.0,813056659449.6
BBG004731354,ROSN,Роснефть,47ba7e01-8f52-4723-90e5-3ea379b9ccae,10598177817,10598177817.0,0.11,4274245113596.1,6.29,0.46,0.49,7.43,3.31,7.74,8782000000000.0,680000000000.0,0.0,0.0,2605398.22,2277790.21,615.0,362.6,,fd417230-19cf-4e7b-9623-f7c9ca18ec6b,0.0,0.65,0.0,RUB,0.0,0.0,40.9,26.24,6.51,26.24,,43.9,2349000000000.0,66.58,64.16,0.0,0.0,2026-01-12T00:00:00+00:00,1970-01-01T00:00:00+00:00,1970-01-01T00:00:00+00:00,0.0,0.0,7.38,0.0,0.0,0.0,0.0,0.0,0.0,0.0,10.65,0.0,16.86,0.0,4.99,0.0,0.0,0.0
TCS00A1002V2,EUTR,ЕвроТранс,2ae31189-187c-49cb-a133-3534a7dfae95,159148665,159148665.0,0.32,23044726692.0,3.52,0.68,0.11,20.64,6.29,3.1,211034990000.0,6541678000.0,36807492000.0,109.12,1043361.56,2332861.88,151.85,110.05,,02b2ea14-3c4b-47e8-9548-45a8dbcc8f8a,0.0,0.49,0.0,RUB,0.0,0.0,84.03,34.54,23.85,34.54,,791.9,20458014000.0,-829.93,41.1,2.91,0.0,2026-01-14T00:00:00+00:00,1970-01-01T00:00:00+00:00,1970-01-01T00:00:00+00:00,0.0,0.0,22.02,0.0,0.0,0.0,9160979000.0,1.79,0.0,0.0,46.88,2.52,449.62,0.0,56.12,38.29,0.0,59629944692.0
BBG000VKG4R5,MRKU,Россети Урал,d2ebca50-7e7c-4255-b269-77b2ff1723e1,87430485711,87430485711.0,0.13,44204853575.48,4.63,0.58,0.36,13.21,6.82,7.74,123384277000.0,9555711000.0,29860611000.0,38.87,44555555.56,48320800.0,0.53,0.31,,1b64e38a-49ad-4f4d-a4d3-b34184899352,0.0,0.71,0.0,RUB,0.0,0.0,34.23,0.04,7.4,0.04,,135.05,27179689000.0,358.17,0.11,2.45,0.0,2025-07-07T00:00:00+00:00,1970-01-01T00:00:00+00:00,1970-01-01T00:00:00+00:00,0.0,0.0,11.0,0.0,0.0,0.0,-2759149000.0,0.82,0.0,0.0,8.67,-16.02,8.62,0.0,6.11,44.38,0.0,66541454575.48
BBG000RMWQD4,ENPG,Эн+,9b9cb779-d2c7-4e49-a6c3-5be1e08d9439,638848896,638848896.0,0.14,314122002163.2,4.69,0.28,0.21,5.79,2.66,4.47,1498617054780.3,67031702394.99,911882438500.0,82.18,539728.0,427817.2,569.45,338.7,,e2bd2eba-75de-4127-b39c-2f2dbe3866c3,0.0,1.01,0.0,RUB,0.0,0.0,0.0,0.0,0.0,0.0,,96.71,267866993994.43,47.77,103.24,4.17,0.0,1970-01-01T00:00:00+00:00,1970-01-01T00:00:00+00:00,1970-01-01T00:00:00+00:00,0.0,0.0,0.0,0.0,0.0,0.0,73134650360.13,3.0,0.0,0.0,8.63,4.3,78.18,0.0,9.23,41.03,0.0,1117796379163.2
TCS80A107UL4,T,Т-Технологии,4393bdb6-9017-466e-a3bb-ddb55d24159f,268274786,268274786.0,0.56,901456935917.2,5.67,1.21,0.71,25.95,3.08,0.0,1274410000000.0,159057000000.0,0.0,0.0,1190177.89,1120402.12,3685.0,2810.0,,87db07bc-0e02-4e29-90bb-05e8ef791d7b,0.0,0.64,0.0,RUB,0.0,0.0,22.94,136.0,4.05,136.0,,0.0,0.0,135.33,592.89,0.0,0.0,2026-01-07T00:00:00+00:00,1970-01-01T00:00:00+00:00,1970-01-01T00:00:00+00:00,0.0,0.0,2.84,0.0,0.0,0.0,0.0,0.0,0.0,0.0,79.49,0.0,441.49,0.0,45.93,0.0,0.0,0.0
BBG000PKWCQ7,MRKV,Россети Волга,457f79df-ad5b-4578-8c20-c5e066f5f1d6,188307958732,188307958732.0,0.2,30336412151.73,3.62,0.6,0.26,17.79,10.14,7.25,115697753000.0,8383327000.0,5894136000.0,11.58,265414444.44,205947600.0,0.16,0.06,,8ec4edb6-b779-4e3c-9146-b11210174d51,0.0,0.49,0.0,RUB,0.0,0.0,16.62,0.01,4.59,0.01,,53.19,21085824000.0,-7.24,0.04,1.48,0.0,2025-07-09T00:00:00+00:00,1970-01-01T00:00:00+00:00,1970-01-01T00:00:00+00:00,0.0,0.0,6.33,0.0,0.0,0.0,3683535000.0,0.04,0.0,0.0,8.26,8.24,32.45,0.0,8.72,45.54,0.0,31155281151.73
BBG000BBV4M5,CNTL,Центральный Телеграф,06a5a7c2-9aa6-4397-b7a0-22ea58d05633,166167000,166167000.0,0.11,1565293140.0,10.24,1.66,1.27,17.01,12.08,12.38,1234217000.0,152852000.0,0.0,0.0,88122.22,74816.0,12.92,9.18,,c05fd0a1-0c8e-4bc3-bf9e-43e364d278ef,0.0,0.46,0.0,RUB,0.0,0.0,0.0,0.0,0.0,0.0,,0.0,0.0,-95.11,0.92,0.0,0.0,2024-07-01T00:00:00+00:00,1970-01-01T00:00:00+00:00,1970-01-01T00:00:00+00:00,0.0,0.0,13.96,0.0,0.0,0.0,-77192000.0,0.0,0.0,0.0,-2.24,-20.28,-39.27,0.0,-4.85,0.0,0.0,0.0
TCS10A108K09,VSEH,ВИ.РУ,3ff1e12d-21d6-41cd-9b79-55ba1cc43751,500000000,500000000.0,0.13,38795000000.0,19.92,10.72,0.21,84.08,2.7,1.06,184098514000.0,1947614000.0,13040883000.0,360.44,1698549.78,930542.96,115.0,60.01,,538a1b13-df23-4449-8302-e8adbc25daf4,0.0,0.72,0.0,RUB,0.0,0.0,25.67,1.0,1.29,1.0,,0.0,15604501000.0,0.0,3.9,2.71,0.0,2025-09-12T00:00:00+00:00,1970-01-01T00:00:00+00:00,1970-01-01T00:00:00+00:00,0.0,0.0,1.3,0.0,0.0,0.0,12522608000.0,0.22,0.0,0.0,0.0,3.1,0.0,0.0,0.0,0.0,0.0,42239473000.0
BBG004S68JR8,SVAV,СОЛЛЕРС,230001ee-23df-40d3-a70c-22214e8c3298,31486001,31486001.0,0.17,17695132562.0,19.55,0.82,0.24,3.91,1.07,1.24,73133000000.0,905000000.0,8537000000.0,39.58,112678.11,76894.88,849.0,447.0,,c3746fd5-ac02-419a-8893-827775cfb2c8,0.0,0.51,0.0,RUB,0.0,0.0,243.54,70.0,12.46,70.0,,0.0,0.0,176.72,28.74,0.0,0.0,2025-06-11T00:00:00+00:00,1970-01-01T00:00:00+00:00,1970-01-01T00:00:00+00:00,0.0,0.0,8.12,0.0,0.0,0.0,-2053000000.0,0.0,0.0,0.0,11.51,-8.62,58.65,0.0,0.02,98.8,0.0,8560132562.0
BBG000LNHHJ9,KMAZ,КАМАЗ,a3b3c0d2-2f77-4337-90a4-51ab3f66e7b3,707229559,707229559.0,0.04,65348011251.6,0.0,0.72,0.18,-30.38,-6.3,-9.4,360030000000.0,-33848000000.0,220902000000.0,244.72,354825.56,273128.33,143.2,79.2,,f8f1de0d-5a5f-47e9-8ecb-00bec8f8351f,0.0,0.48,0.0,RUB,0.0,0.0,0.0,0.0,0.0,0.0,,0.0,12023000000.0,-137.39,-47.86,18.92,0.0,2024-07-16T00:00:00+00:00,1970-01-01T00:00:00+00:00,1970-01-01T00:00:00+00:00,0.0,0.0,1.61,0.0,0.0,0.0,-26321000000.0,13.49,0.0,0.0,6.3,-2.48,106.73,0.0,13.5,124.24,0.0,227490011251.6
BBG0029SFXB3,KZOS,Казаньоргсинтез - акции обыкновенные,2cfc56d8-7754-4727-9322-8330aabbcf63,1785114000,1785114000.0,0.18,124957980000.0,11.13,0.89,1.14,7.99,5.83,10.22,109863000000.0,11229000000.0,35000000000.0,24.82,76238.89,60084.17,98.9,60.4,,a6121478-943f-4eae-bc2a-bab5c771dd4a,0.0,0.37,0.0,RUB,0.0,0.0,65.97,4.15,5.93,4.15,,0.0,0.0,-10.69,6.29,0.0,0.0,2025-07-10T00:00:00+00:00,1970-01-01T00:00:00+00:00,1970-01-01T00:00:00+00:00,0.0,0.0,6.4,0.0,0.0,0.0,0.0,0.0,0.0,0.0,5.35,0.0,44.53,0.0,0.0,0.0,0.0,150300980000.0
BBG000F6YPH8,ELFV,ЭЛ5-Энерго,24f49137-a396-4344-b793-78c199ad7b1c,35371898370,35371898370.0,0.29,18435833430.44,3.93,0.49,0.24,13.1,6.46,6.0,78114409000.0,4685660000.0,22795132000.0,60.2,27531333.33,29665000.0,0.6,0.44,,93e0d4c6-45c9-4399-9e0b-dc2f2ff101c7,0.0,0.55,0.0,RUB,0.0,0.0,0.0,0.0,0.0,0.0,,0.0,0.0,407.17,0.13,0.0,0.0,2020-07-08T00:00:00+00:00,1970-01-01T00:00:00+00:00,1970-01-01T00:00:00+00:00,0.0,0.0,8.2,0.0,0.0,0.0,0.0,0.0,0.0,0.0,12.73,0.0,4.13,0.0,12.42,96.4,0.0,37465356430.44
TCS20A107662,HEAD,Хэдхантер,911552ef-a892-4b33-9df1-c0d6c4a2307d,47184918,47184918.0,0.42,138629289084.0,6.81,15.32,3.37,139.57,58.37,49.43,41164819000.0,20348426000.0,10365921000.0,114.55,97768.67,91286.13,3921.0,2727.0,,3fe80143-1313-42eb-9884-5d68b39e265e,0.0,0.51,0.0,RUB,0.0,0.0,54.03,233.0,7.93,233.0,,493.64,20715251000.0,1521.13,431.25,6.35,0.0,2025-09-26T00:00:00+00:00,1970-01-01T00:00:00+00:00,1970-01-01T00:00:00+00:00,0.0,0.0,14.51,0.0,0.0,0.0,20471977000.0,-0.34,0.0,0.0,34.53,6.77,408.67,0.0,35.38,-70.51,0.0,131587883084.0
TCS50A10C1L6,ETLN,МКПАО Эталон Груп,f452d0ba-d2a1-4f36-bf1c-5d87c3215240,383445362,383445362.0,0.44,16196732090.88,0.0,0.29,0.0,0.0,0.0,0.0,0.0,0.0,205255000000.0,367.54,6025837.44,3003774.79,77.5,36.82,,b9dff600-4ca6-4fa9-ba91-df2126548ccc,0.0,0.69,0.0,RUB,0.0,0.0,0.0,0.0,0.0,0.0,,0.0,0.0,0.0,0.0,0.0,0.0,1970-01-01T00:00:00+00:00,1970-01-01T00:00:00+00:00,1970-01-01T00:00:00+00:00,0.0,0.0,0.0,0.0,0.0,0.0,0.0,0.0,0.0,0.0,0.0,0.0,0.0,0.0,0.0,0.0,0.0,215807732090.88
BBG00F6NKQX3,SMLT,ГК Самолет,500bc62d-f78e-46d3-baf7-fbc9fb905ddd,61579358,61579358.0,0.21,59177763038.0,11.2,1.05,0.17,10.02,0.55,1.56,339201000000.0,5283000000.0,703918000000.0,1253.24,1037989.89,837794.75,1550.0,839.5,,4d813ab1-8bc9-4670-89ea-12bfbab6017d,0.0,0.93,0.0,RUB,0.0,0.0,0.0,0.0,0.0,0.0,,1351.63,107709000000.0,843.88,85.79,6.84,0.0,2022-10-11T00:00:00+00:00,1970-01-01T00:00:00+00:00,1970-01-01T00:00:00+00:00,0.0,0.0,3.42,0.0,0.0,0.0,-240636000000.0,6.29,0.0,0.0,32.38,-0.25,562.93,0.0,53.9,3555.99,0.0,736549763038.0
BBG004730N88,SBER,Сбер Банк,40d89385-a03a-4659-bf4e-d3ecba011782,21586948000,21586948000.0,0.48,6578622403000.0,3.96,0.84,0.61,22.54,2.71,0.0,10726500000000.0,1660400000000.0,0.0,0.0,17313686.11,15583800.13,329.77,275.34,,e6123145-9665-43e0-8413-cd61b8aa9b13,0.0,0.5,0.0,RUB,0.0,0.0,45.3,34.84,11.43,34.84,,0.0,0.0,87.02,76.92,0.0,0.0,2025-07-18T00:00:00+00:00,1970-01-01T00:00:00+00:00,1970-01-01T00:00:00+00:00,0.0,0.0,9.15,0.0,0.0,0.0,0.0,0.0,0.0,0.0,55.49,0.0,181.25,0.0,33.48,0.0,0.0,0.0
TCS00A105BN4,GECO,Генетико,b862bb3d-bf45-4d43-9c61-ecdb480060fa,90000000,90000000.0,0.0,2332800000.0,0.0,4.44,5.88,-28.45,-16.29,-34.38,396607000.0,-136347000.0,166630000.0,31.7,350697.78,349988.75,34.9,22.76,,c74fc209-54e2-4ba6-a7a9-9e0d24299184,0.0,0.55,0.0,RUB,0.0,0.0,0.0,0.0,0.0,0.0,,0.0,0.0,0.0,-1.64,0.0,0.0,1970-01-01T00:00:00+00:00,1970-01-01T00:00:00+00:00,1970-01-01T00:00:00+00:00,0.0,0.0,0.0,0.0,0.0,0.0,-60597000.0,0.0,0.0,0.0,9.64,-38.5,0.0,0.0,0.0,0.0,0.0,2495415000.0
BBG004730RP0,GAZP,Газпром,bfc8184d-9562-4ea2-87dd-be6e76dc1279,23673512900,23673512900.0,0.47,3022634127072.0,2.09,0.16,0.29,7.95,4.71,13.91,10380229000000.0,1443557000000.0,6573873000000.0,35.17,43871556.67,41260082.92,184.8,111.81,,962e2a95-02a9-4171-abd7-aa198dbe643a,0.0,1.0,0.0,RUB,0.0,0.0,0.0,0.0,0.0,0.0,,67.12,0.0,3.87,60.98,0.0,0.0,2022-10-10T00:00:00+00:00,1970-01-01T00:00:00+00:00,1970-01-01T00:00:00+00:00,0.0,0.0,12.48,0.0,0.0,0.0,481759000000.0,0.0,0.0,0.0,25.44,6.27,39.89,0.0,1.52,73.78,0.0,8920890127072.0
BBG000QJW156,BSPB,Банк Санкт-Петербург,abf2fae5-7696-47c4-bc61-d622d1b5fb27,445368521,445368521.0,0.28,146962704559.58,3.15,0.66,0.68,22.13,3.93,0.0,216370000000.0,46624000000.0,0.0,0.0,579887.78,555634.58,416.97,299.9,,1e19953d-01c6-4ecd-a5f4-53ae3ed44029,0.0,0.3,0.0,RUB,0.0,0.0,45.01,46.33,14.04,46.33,,0.0,0.0,548.38,102.93,0.0,0.0,2025-10-06T00:00:00+00:00,1970-01-01T00:00:00+00:00,1970-01-01T00:00:00+00:00,0.0,0.0,11.85,0.0,0.0,0.0,0.0,0.0,0.0,0.0,68.69,0.0,193.67,0.0,43.35,0.0,0.0,0.0
BBG000NLC9Z6,LSNG,Россети Ленэнерго,4bf4e402-c87d-4661-a2da-0b4f2feaf60b,8523785320,8523785320.0,0.09,142517690550.4,6.31,0.67,1.09,11.1,7.69,17.22,131045301000.0,22572302000.0,12708430000.0,5.95,437377.78,526837.5,18.63,12.1,,02bdfa7c-ae6c-4cbd-9784-f3457dfdcedc,0.0,0.76,0.0,RUB,0.0,0.0,16.17,0.43,2.56,0.43,,103.16,71249713000.0,76.86,2.65,1.88,0.0,2025-07-03T00:00:00+00:00,1970-01-01T00:00:00+00:00,1970-01-01T00:00:00+00:00,0.0,0.0,3.57,0.0,0.0,0.0,10890777000.0,-0.12,0.0,0.0,12.75,13.09,48.45,0.0,9.49,-8.11,0.0,134111036550.4
BBG00QKJSX05,RENI,Ренессанс Страхование,60645779-5aad-45bb-972c-38e2af07542c,556952780,556952780.0,0.3,52665454876.8,4.45,0.97,0.0,23.66,4.32,0.0,0.0,11840800000.0,0.0,0.0,945586.67,1002295.42,141.06,91.7,,a57d3a52-63d5-417b-b66d-c6114587f0ea,0.0,0.68,0.0,RUB,0.0,0.0,49.39,10.5,11.1,10.5,,0.0,0.0,168.44,21.26,0.0,0.0,2025-12-19T00:00:00+00:00,1970-01-01T00:00:00+00:00,1970-01-01T00:00:00+00:00,0.0,0.0,7.58,0.0,0.0,0.0,0.0,0.0,0.0,0.0,0.0,0.0,0.0,0.0,0.0,0.0,0.0,0.0
TCS00A103X66,POSI,Группа Позитив,41100a03-cb85-4496-8b74-957b2bdcd132,71214000,71214000.0,0.24,81212445600.0,25.6,7.26,3.17,30.24,7.6,12.37,25646956000.0,3172416000.0,24748779000.0,221.14,308091.33,275981.75,1868.0,930.8,,de08affe-4fbd-454e-9fd1-46a81b23f870,0.0,0.66,0.0,RUB,0.0,0.0,0.0,0.0,0.0,0.0,,0.0,8156861000.0,0.0,51.38,12.61,0.0,2024-05-24T00:00:00+00:00,1970-01-01T00:00:00+00:00,1970-01-01T00:00:00+00:00,0.0,0.0,3.11,0.0,0.0,0.0,-4018062000.0,2.66,0.0,0.0,10.1,-20.21,0.0,0.0,51.19,0.0,0.0,102870085600.0
BBG000NLB2G3,KROT,Красный Октябрь,bbe14e08-b318-49b3-8f3b-f0eea166a166,9217583,9217583.0,0.15,13402365682.0,0.0,1.31,0.57,-16.41,-8.12,-6.93,23682884000.0,-1642131000.0,2831239000.0,27.7,3564.44,3904.58,1992.0,982.0,,14d147b9-d977-438a-80c0-441e5589da30,0.0,0.49,0.0,RUB,0.0,0.0,0.0,0.0,0.0,0.0,,0.0,0.0,-84.84,-178.15,0.0,0.0,2024-07-09T00:00:00+00:00,1970-01-01T00:00:00+00:00,1970-01-01T00:00:00+00:00,0.0,0.0,0.02,0.0,0.0,0.0,-1165137000.0,0.0,0.0,0.0,15.78,-11.5,66.68,0.0,15.4,809.67,0.0,16179621682.0
BBG004S684M6,SIBN,Газпром нефть,033d81b1-1249-4a4b-80bd-fad02790d92b,4741299639,4741299639.0,0.05,2408580216612.0,0.0,0.76,0.0,16.01,8.28,0.0,0.0,0.0,1123567000000.0,35.57,468498.78,402686.46,676.0,452.0,,9ba367af-dfbd-4d9c-8730-4b1d5a47756e,0.0,0.41,0.0,RUB,0.0,0.0,0.0,44.51,8.76,44.51,,96.05,0.0,18.64,0.0,0.0,0.0,2025-10-13T00:00:00+00:00,1970-01-01T00:00:00+00:00,1970-01-01T00:00:00+00:00,0.0,0.0,10.74,0.0,0.0,0.0,0.0,0.0,0.0,0.0,16.47,0.0,64.96,0.0,10.14,34.27,0.0,3346764216612.0
BBG000DBD6F6,KLSB,Калужская сбытовая компания,b272081b-48e2-4f7d-9465-f6a997475166,91487347,91487347.0,0.0,2136229552.45,15.77,1.53,0.07,10.11,2.05,0.42,32189626000.0,135488000.0,3006190000.0,215.74,137544.44,101529.17,27.0,17.8,,8a23dd3b-04bb-41f3-a531-1bc3c08deecf,0.0,0.39,0.0,RUB,0.0,0.0,0.0,0.0,0.0,0.0,,0.0,0.0,99.08,1.48,0.0,0.0,2007-11-09T00:00:00+00:00,1970-01-01T00:00:00+00:00,1970-01-01T00:00:00+00:00,0.0,0.0,0.0,0.0,0.0,0.0,387739000.0,0.0,0.0,0.0,9.98,5.51,34.69,0.0,6.82,10.05,0.0,4794404552.45
BBG000RP8V70,CHMK,ЧМК,f52b028c-d9ab-476f-b4c8-4cb00b776cf0,3161965,3161965.0,0.0,14133983550.0,0.0,0.25,0.09,-18.4,-3.96,-6.55,161805160000.0,-10606176000.0,150636681000.0,270.49,672.67,514.33,7400.0,4100.0,,b5e26096-d013-48e4-b2a9-2f38b6090feb,0.0,0.62,0.0,RUB,0.0,0.0,0.0,0.0,0.0,0.0,,0.0,0.0,-281.29,-3354.3,0.0,0.0,1970-01-01T00:00:00+00:00,1970-01-01T00:00:00+00:00,1970-01-01T00:00:00+00:00,0.0,0.0,0.0,0.0,0.0,0.0,24091401000.0,0.0,0.0,0.0,6.58,0.59,53.09,0.0,-0.79,0.97,0.0,164754655550.0
BBG000TJ6F42,MRKZ,Россети Северо-Запад,55d43825-dcac-4914-bfdb-e20c110f68bf,95785923138,95785923138.0,0.3,11489521480.4,4.94,0.55,0.15,11.66,3.37,3.05,76207248000.0,2323753000.0,14263237000.0,68.23,197050000.0,147720833.33,0.12,0.05,,05dbfebd-6bc4-4645-8f21-dcf05476999d,0.0,0.62,0.0,RUB,0.0,0.0,0.0,0.0,0.0,0.0,,55.24,11235447000.0,65.39,0.02,1.53,0.0,2020-06-08T00:00:00+00:00,1970-01-01T00:00:00+00:00,1970-01-01T00:00:00+00:00,0.0,0.0,6.09,0.0,0.0,0.0,6049996000.0,0.51,0.0,0.0,16.78,1.9,27.65,0.0,7.6,0.97,0.0,17218202480.4
BBG000K3STR7,APTK,"Аптечная сеть 36,6",ed09a805-4a20-49d7-9818-d7fe0e84076c,7630433826,7630433826.0,0.06,65972730859.6,264.95,-8.77,0.68,-3.42,0.43,0.26,96753000000.0,249000000.0,24001000000.0,-318.99,3080483.33,1762916.25,12.76,8.0,,bba7a33f-48a8-4788-8469-3a9f5d668e0a,0.0,0.53,0.0,RUB,0.0,0.0,0.0,0.0,0.0,0.0,,0.0,14636000000.0,-103.02,0.03,6.11,0.0,1970-01-01T00:00:00+00:00,1970-01-01T00:00:00+00:00,1970-01-01T00:00:00+00:00,0.0,0.0,0.0,0.0,0.0,0.0,2678000000.0,1.6,0.0,0.0,29.4,24.64,89.28,0.0,25.49,-30.29,0.0,89357730859.6
BBG00475K2X9,HYDR,РусГидро,4e4fcc9f-2bd6-40e1-8992-1c7351d8a7ff,444793377038,444793377038.0,0.15,196643151988.5,0.0,0.32,0.31,-8.8,-3.79,-8.53,638098000000.0,-54416000000.0,764552000000.0,124.21,442063444.44,451424333.33,0.6,0.36,,62560f05-3fd0-4d65-88f0-a27f249cc6de,0.0,0.52,0.0,RUB,0.0,0.0,0.0,0.0,0.0,0.0,,54.61,171316000000.0,-9611.98,-0.12,4.98,0.0,2023-07-10T00:00:00+00:00,1970-01-01T00:00:00+00:00,1970-01-01T00:00:00+00:00,0.0,0.0,5.86,0.0,0.0,0.0,-88506000000.0,3.84,0.0,0.0,13.62,-2.22,58.14,0.0,12.61,159.55,0.0,853950151988.5
BBG003LYCMB1,SFIN,ЭсЭфАй,b00d7d69-be71-4dde-88f6-7deb9392138b,50237005,50237005.0,0.22,48297856607.0,4.29,0.48,2.58,10.86,3.39,0.0,18723536000.0,11250074000.0,0.0,0.0,358448.56,1568219.5,1948.8,802.2,,55371b1f-8f7c-4c12-9d93-386fae5ec12a,0.0,0.75,0.0,RUB,0.0,0.0,440.07,985.5,102.51,985.5,,0.0,0.0,449.97,223.94,0.0,0.0,2025-12-25T00:00:00+00:00,1970-01-01T00:00:00+00:00,1970-01-01T00:00:00+00:00,0.0,0.0,40.53,0.0,0.0,0.0,0.0,0.0,0.0,0.0,62.7,0.0,356.57,0.0,45.37,0.0,0.0,0.0
BBG004S68696,RASP,Распадская,df9a9da8-0a95-41ca-9d03-82de3fcf872c,665733918,665733918.0,0.07,114539520591.9,0.0,0.66,0.87,-11.09,-8.41,-15.71,131696558095.64,-20685510985.53,0.0,0.0,422347.78,276231.67,304.75,152.6,,435107a9-a262-4a31-8a9b-2ee6f81c1184,0.0,0.76,0.0,RUB,0.0,0.0,0.0,0.0,0.0,0.0,,-12.98,-1010828126.72,-191.4,-30.89,0.0,0.0,2022-01-17T00:00:00+00:00,1970-01-01T00:00:00+00:00,1970-01-01T00:00:00+00:00,0.0,0.0,6.26,0.0,0.0,0.0,-23024686994.51,0.0,0.0,0.0,-14.33,-4.97,150.16,0.0,1.45,0.0,0.0,0.0
TCS00A10CTQ0,BAZA,ГК БАЗИС,14b910c1-8d9e-4af2-b104-bc77eedfe96d,165000000,165000000.0,0.0,19582200000.0,0.0,4.14,0.0,0.0,0.0,0.0,0.0,0.0,0.0,0.0,472452.22,327299.17,119.0,97.0,,6eeb0c40-1a7f-4b57-aeee-a3dbb3846b80,0.0,0.0,0.0,RUB,0.0,0.0,0.0,0.0,0.0,0.0,,0.0,0.0,0.0,0.0,0.0,0.0,1970-01-01T00:00:00+00:00,1970-01-01T00:00:00+00:00,1970-01-01T00:00:00+00:00,0.0,0.0,0.0,0.0,0.0,0.0,0.0,0.0,0.0,0.0,0.0,0.0,0.0,0.0,0.0,0.0,0.0,0.0
BBG004731489,GMKN,Норильский никель,ba7b5a1b-8515-4134-8c26-b69a2372fe82,15286339700,15286339700.0,0.33,2494730639040.0,15.01,2.71,2.11,19.94,7.15,14.04,1183791003331.81,166243106609.97,1000473375000.0,108.64,29182542.22,22045856.67,173.2,98.5,,509edd0c-129c-4ee2-934d-7f6246126da1,0.0,0.73,0.0,RUB,0.0,0.0,0.0,0.0,0.0,0.0,,-5.98,497615586456.85,-99.57,10.89,6.57,0.0,2023-12-26T00:00:00+00:00,1970-01-01T00:00:00+00:00,1970-01-01T00:00:00+00:00,0.0,0.0,7.38,0.0,0.0,0.0,255881683829.6,1.56,0.0,0.0,-5.5,9.75,32.11,0.0,-4.09,53.73,0.0,3269057797040.0
BBG004S686W0,UPRO,Юнипро,c99b9966-e777-42a1-9caf-bf22842a2490,63048706145,63048706145.0,0.16,102832439722.5,3.31,0.5,0.79,16.57,15.44,24.04,129411747000.0,31108194000.0,0.0,0.0,218339777.78,204233250.0,2.79,1.34,,664921c5-b552-47a6-9ced-8735a3c6ca8a,0.0,0.96,0.0,RUB,0.0,0.0,0.0,0.0,0.0,0.0,,67.69,0.0,69.32,0.49,0.0,0.0,2021-12-16T00:00:00+00:00,1970-01-01T00:00:00+00:00,1970-01-01T00:00:00+00:00,0.0,0.0,6.36,0.0,0.0,0.0,0.0,0.0,0.0,0.0,8.11,0.0,59.76,0.0,13.32,0.0,0.0,0.0
BBG004S687W8,MSNG,Мосэнерго,e442ca19-a0d0-4bab-92c3-4a0f75d4e878,39749359700,39749359700.0,0.2,103507332658.8,0.0,0.26,0.0,0.88,0.72,0.0,0.0,0.0,0.0,0.0,53818777.78,64880416.67,2.94,1.83,,98fc1318-6990-4147-b0d1-b10999326461,0.0,0.6,0.0,RUB,0.0,0.0,0.0,0.0,0.0,0.0,,273.99,0.0,-78.46,0.0,0.0,0.0,2024-07-09T00:00:00+00:00,1970-01-01T00:00:00+00:00,1970-01-01T00:00:00+00:00,0.0,0.0,6.95,0.0,0.0,0.0,0.0,0.0,0.0,0.0,24.46,0.0,18.1,0.0,4.23,-82.54,0.0,0.0
BBG004S68614,AFKS,АФК Система,460475ed-a5fc-48cd-a4e8-9f848657ba73,9650000000,9650000000.0,0.33,132919100000.0,0.0,-16.14,0.1,-159.56,-3.57,-7.64,1273459000000.0,-97288000000.0,1491363000000.0,-18105.66,47091344.44,42237183.33,19.67,11.93,,53b67587-96eb-4b41-8e0c-d2e3c0bdd234,0.0,0.91,0.0,RUB,0.0,0.0,0.0,0.0,0.0,0.0,,0.0,0.0,-119.12,-10.08,0.0,0.0,2024-07-17T00:00:00+00:00,1970-01-01T00:00:00+00:00,1970-01-01T00:00:00+00:00,0.0,0.0,1.6,0.0,0.0,0.0,-112677000000.0,0.0,0.0,0.0,17.76,-1.18,87.5,0.0,15.35,139.74,0.0,1524835100000.0
BBG000R607Y3,PLZL,Полюс,6d9a99d0-73e5-4971-84d6-b90729f2400d,1360694001,1360694001.0,0.22,3644754951078.6,10.88,15.69,4.82,225.23,30.83,44.27,756405000000.0,334876000000.0,778728000000.0,335.25,1677028.0,1290209.71,2776.8,1617.0,,10620843-28ce-44e8-80c2-f26ceb1bd3e1,0.0,0.43,0.0,RUB,0.0,0.0,13.62,179.85,6.71,179.85,,212.76,579352000000.0,144.49,1320.18,7.32,0.0,2025-12-22T00:00:00+00:00,1970-01-01T00:00:00+00:00,1970-01-01T00:00:00+00:00,0.0,0.0,6.1,0.0,0.0,0.0,239508000000.0,1.03,0.0,0.0,47.95,15.22,169.54,0.0,23.91,175.27,0.0,4241529951078.6
TCS00A0ZZFS9,LEAS,Европлан,f68ac807-85e4-45e4-af38-bd7c79f59be5,120000000,120000000.0,0.13,78144000000.0,11.92,1.67,1.32,13.2,2.38,0.0,59014114000.0,6556087000.0,0.0,0.0,129739.44,495382.46,844.0,500.1,,ab29b599-4cb4-4b57-9c17-02b140708bf7,0.0,0.58,0.0,RUB,0.0,0.0,159.24,87.0,13.36,87.0,,0.0,0.0,208.96,54.63,0.0,0.0,2025-12-12T00:00:00+00:00,1970-01-01T00:00:00+00:00,1970-01-01T00:00:00+00:00,0.0,0.0,12.63,0.0,0.0,0.0,0.0,0.0,0.0,0.0,56.16,0.0,340.73,0.0,43.55,0.0,0.0,0.0
TCS80A10CW95,OZON,МКПАО Озон,35695f29-6d3c-4cba-9963-4508ddf98325,216413733,216413733.0,0.0,1005566410384.5,0.0,-7.32,0.0,0.0,0.0,0.0,0.0,0.0,79369000000.0,-57.78,415009.56,342165.58,4826.0,3206.0,,75e003c2-ca14-4980-8d7b-e82ec6b6ffe1,0.0,0.42,0.0,RUB,0.0,0.0,0.0,143.55,3.09,143.55,,0.0,0.0,0.0,0.0,0.0,0.0,2025-12-22T00:00:00+00:00,1970-01-01T00:00:00+00:00,1970-01-01T00:00:00+00:00,0.0,0.0,3.39,0.0,0.0,0.0,0.0,0.0,0.0,0.0,0.0,0.0,0.0,0.0,0.0,0.0,0.0,519243410384.5
TCS10A0JR514,LIFE,Фармсинтез,6136c755-4f07-4bea-b406-e023d8e0c9af,440394854,440394854.0,0.0,1464312889.55,0.0,3.06,3.86,-67.3,-18.1,-73.13,379329000.0,-277406000.0,465401000.0,97.12,2927277.78,3475370.83,4.8,2.86,,40ca6061-9acc-40ec-9571-4c41b10730d9,0.0,0.7,0.0,RUB,0.0,0.0,0.0,0.0,0.0,0.0,,0.0,0.0,-33.59,-0.63,0.0,0.0,1970-01-01T00:00:00+00:00,1970-01-01T00:00:00+00:00,1970-01-01T00:00:00+00:00,0.0,0.0,0.0,0.0,0.0,0.0,-563557000.0,0.0,0.0,0.0,-0.09,-2.6,8.57,0.0,0.68,280.54,0.0,1903799889.55
TCS00A108ZR8,DATA,Группа Аренадата,4cda1996-5fa5-4c56-9442-958e2eb20afc,209160464,209160464.0,0.17,20568840029.76,0.0,26.13,0.0,0.0,0.0,0.0,0.0,0.0,72500000.0,9.21,906925.0,1748502.38,174.4,76.14,,0b9afb23-280f-4fda-a7ad-816994959c6b,0.0,0.39,0.0,RUB,0.0,0.0,0.0,3.43,3.49,3.43,,0.0,0.0,0.0,0.0,0.0,0.0,2025-06-06T00:00:00+00:00,1970-01-01T00:00:00+00:00,1970-01-01T00:00:00+00:00,0.0,0.0,2.75,0.0,0.0,0.0,0.0,0.0,0.0,0.0,0.0,0.0,0.0,0.0,0.0,0.0,0.0,19945363029.76
BBG000FWGSZ5,IRKT,Яковлев,6faba6f9-1ba7-4c3b-92ad-a0ec9ddf1303,12051279624,12051279624.0,0.05,329964036105.12,27.58,3.03,0.0,12.75,1.87,0.0,0.0,11962000000.0,0.0,0.0,3004288.89,3181825.0,44.28,22.06,,cfb50a23-2465-497e-bc7e-e4f0e042cf3d,0.0,0.71,0.0,RUB,0.0,0.0,0.0,0.0,0.0,0.0,,0.0,0.0,-102.85,0.99,0.0,0.0,2018-07-16T00:00:00+00:00,1970-01-01T00:00:00+00:00,1970-01-01T00:00:00+00:00,0.0,0.0,0.0,0.0,0.0,0.0,0.0,0.0,0.0,0.0,0.0,0.0,0.0,0.0,0.0,0.0,0.0,0.0
BBG000RJL816,TTLK,Таттелеком,a2543193-689c-4922-bcec-21cde6e74188,20843976400,20843976400.0,0.13,13017063261.8,6.08,0.92,1.09,15.67,12.45,17.97,11913967000.0,2141104000.0,0.0,0.0,3612666.67,3825166.67,0.97,0.53,,76721c1c-52a9-4b45-987e-d075f651f1b1,0.0,0.57,0.0,RUB,0.0,0.0,36.75,0.04,6.04,0.04,,17.7,3233549000.0,177.33,0.1,0.0,0.0,2025-05-12T00:00:00+00:00,1970-01-01T00:00:00+00:00,1970-01-01T00:00:00+00:00,0.0,0.0,5.51,0.0,0.0,0.0,805672000.0,0.0,0.0,0.0,6.34,16.16,21.53,0.0,5.31,0.0,0.0,0.0
TCS00A0ZZAC4,SVCB,Совкомбанк,7c408d19-9d14-47fe-b704-543f518be212,22516228905,22516228905.0,0.13,289446122573.78,5.16,0.72,0.37,14.6,1.4,0.0,789887000000.0,56104000000.0,0.0,0.0,37273788.89,31812316.67,18.97,11.65,,1fbecbbc-ef32-448c-b4fe-b0037795ba01,0.0,0.72,0.0,RUB,0.0,0.0,13.25,0.35,2.72,0.35,,0.0,0.0,143.84,2.64,0.0,0.0,2025-07-08T00:00:00+00:00,1970-01-01T00:00:00+00:00,1970-01-01T00:00:00+00:00,0.0,0.0,4.54,0.0,0.0,0.0,0.0,0.0,0.0,0.0,85.08,0.0,383.15,0.0,41.75,0.0,0.0,0.0
TCS00A107JE2,GEMC,МКПАО ЮМГ,71b0871f-1976-4816-b704-86ba7fd621e3,90000000,90000000.0,0.27,81234000000.0,7.06,2.44,3.17,41.49,29.55,44.89,25638637529.41,11510344765.2,4192027698.0,12.61,25299.78,35852.5,927.9,640.1,,fbc2eb4e-997e-4654-a1b1-4055e238bd00,0.0,0.41,0.0,RUB,0.0,0.0,0.0,0.0,0.0,0.0,,0.0,0.0,0.0,128.3,0.0,0.0,1970-01-01T00:00:00+00:00,1970-01-01T00:00:00+00:00,1970-01-01T00:00:00+00:00,0.0,0.0,0.0,0.0,0.0,0.0,0.0,0.0,0.0,0.0,1.96,0.0,0.0,0.0,0.0,0.0,0.0,67686316579.5
BBG004S689R0,PHOR,ФосАгро,5a3d1efd-f8a0-478e-a10e-bb7f990f9c87,129500000,129500000.0,0.26,831131000000.0,7.21,3.79,1.44,58.45,19.28,19.94,578390000000.0,115344000000.0,321435000000.0,146.57,32526.33,34081.58,7378.0,5500.0,,9978b56f-782a-4a80-a4b1-a48cbecfd194,0.0,0.34,0.0,RUB,0.0,0.0,40.42,360.0,5.61,360.0,,134.19,199145000000.0,70.96,890.69,5.67,0.0,2025-10-01T00:00:00+00:00,1970-01-01T00:00:00+00:00,1970-01-01T00:00:00+00:00,0.0,0.0,10.97,0.0,0.0,0.0,46087000000.0,1.5,0.0,0.0,15.3,18.03,104.61,0.0,6.48,163.07,0.0,1130102000000.0
TCS00A106XF2,HNFG,HENDERSON,dbd82e1a-bcad-4f06-98c7-e7fc10cf9065,40444445,40444445.0,0.12,20707555840.0,8.02,2.28,0.92,29.72,11.5,11.51,22421961000.0,2580840000.0,3856993000.0,42.44,38418.89,46176.96,747.0,499.0,,2fa1d15e-236c-4e4e-8155-f740badfece6,0.0,0.4,0.0,RUB,0.0,0.0,50.15,32.0,6.25,32.0,,0.0,0.0,0.0,63.81,0.0,0.0,2025-12-02T00:00:00+00:00,1970-01-01T00:00:00+00:00,1970-01-01T00:00:00+00:00,0.0,0.0,6.48,0.0,0.0,0.0,1413739000.0,0.0,0.0,0.0,24.33,14.65,0.0,0.0,29.84,0.0,0.0,23450029840.0
TCS2207L1061,HHRU,HeadHunter Group PLC,3245edc9-0713-4b1e-8e9f-7bdd10a8d605,50635720,50640000.0,0.62,197901120000.0,13.09,8.13,6.08,92.06,45.07,46.49,32524818000.0,15119860000.0,3019682000.0,12.41,0.0,0.0,3925.0,3800.0,,cf9ed7ef-784d-4c2c-aabe-362891fcd80c,0.0,0.0,0.0,RUB,0.0,0.0,0.0,0.0,0.0,0.0,,0.0,19364308000.0,0.0,298.58,8.93,0.0,2022-01-21T00:00:00+00:00,1970-01-01T00:00:00+00:00,1970-01-01T00:00:00+00:00,0.0,0.0,1.54,0.0,0.0,0.0,18342634000.0,-1.29,0.0,0.0,62.84,10.79,0.0,0.0,52.63,0.0,0.0,173014926000.0
BBG004S68507,MAGN,Магнитогорский металлургический комбинат,155eb875-f605-45de-ae15-70bcfb125ff0,11174330000,11174330000.0,0.2,355902410500.0,15.75,0.51,0.57,3.3,2.5,3.59,629737000000.0,22604000000.0,54596000000.0,7.89,44319290.0,26881615.42,42.8,24.07,,7132b1c9-ee26-4464-b5b5-1046264b61d9,0.0,0.82,0.0,RUB,0.0,0.0,0.0,0.0,0.0,0.0,,31.51,84526000000.0,43.87,2.02,4.32,0.0,2024-10-17T00:00:00+00:00,1970-01-01T00:00:00+00:00,1970-01-01T00:00:00+00:00,0.0,0.0,9.02,0.0,0.0,0.0,-14151000000.0,0.11,0.0,0.0,0.66,-25.15,56.86,0.0,-4.21,-11.11,0.0,365180410500.0
BBG004730ZJ9,VTBR,Банк ВТБ,94f18cc6-9e01-4db6-9d73-8c3ba6ab9655,6620418282,6620418282.0,0.5,541318500827.73,0.97,0.19,0.11,20.68,1.57,0.0,5052900000000.0,557200000000.0,0.0,0.0,105276240.11,58817565.33,109.04,64.87,,8e2b0325-0292-4654-8a18-4f63ed3b0e09,0.0,0.76,0.0,RUB,0.0,0.0,24.65,25.58,31.28,25.58,,0.0,0.0,1370178.33,103.76,0.0,0.0,2025-07-11T00:00:00+00:00,1970-01-01T00:00:00+00:00,1970-01-01T00:00:00+00:00,0.0,0.0,10.85,0.0,0.0,0.0,0.0,0.0,0.0,0.0,67.12,0.0,270.54,0.0,49.77,0.0,0.0,0.0
BBG00172J7S9,OKEY,O'Key Group SA,aabc6dd3-1485-4e60-9f75-504b29955dcf,269074000,269070000.0,0.17,9963662100.0,4.67,0.76,0.04,17.06,1.92,0.95,223349291000.0,2132372000.0,47833871000.0,366.73,35906.67,86809.44,39.0,26.08,,2a3ac153-f5fb-4f6d-af66-38a8d2b2eacb,0.0,0.63,0.0,RUB,0.0,0.0,0.0,0.0,0.0,0.0,,45.68,31387065000.0,166.19,7.92,1.52,0.0,2022-07-29T00:00:00+00:00,1970-01-01T00:00:00+00:00,1970-01-01T00:00:00+00:00,0.0,0.0,14.05,0.0,0.0,0.0,16045626000.0,1.2,0.0,0.0,5.53,0.62,32.87,0.0,5.45,50.11,0.0,47590198100.0
BBG000VG1034,MRKP,Россети Центр и Приволжье,c2b869cc-8676-4e6d-801e-ffd577bb8d98,112697817043,112697817043.0,0.27,63674266629.29,3.53,0.57,0.4,17.31,9.49,11.43,157944075000.0,18059031000.0,32686443000.0,29.49,57248888.89,66355416.67,0.6,0.34,,9a41ec6e-edf0-4863-9ec0-fb3a5c6811e2,0.0,0.59,0.0,RUB,0.0,0.0,31.34,0.05,8.89,0.05,,101.17,42794936000.0,145.76,0.16,1.66,0.0,2025-07-01T00:00:00+00:00,1970-01-01T00:00:00+00:00,1970-01-01T00:00:00+00:00,0.0,0.0,10.61,0.0,0.0,0.0,-92397000.0,0.17,0.0,0.0,8.74,-689.14,48.72,0.0,10.4,12.98,0.0,70940101629.29
BBG000R04X57,FLOT,Совкомфлот,75127af3-e54c-456f-ac0b-64dc5949a613,2374993901,2374993901.0,0.16,186342021472.46,0.0,0.47,1.56,-9.97,-7.44,-36.24,119650608714.92,-43363671617.05,107283543928.8,26.9,1669501.11,1681730.83,108.27,70.0,,21423d2d-9009-4d37-9325-883b368d13ae,0.0,0.77,0.0,RUB,0.0,0.0,0.0,0.0,0.0,0.0,,80.81,52382818352.63,169.21,-19.01,4.06,0.0,2024-07-19T00:00:00+00:00,1970-01-01T00:00:00+00:00,1970-01-01T00:00:00+00:00,0.0,0.0,8.79,0.0,0.0,0.0,0.0,0.5,0.0,0.0,-12.32,0.0,60.5,0.0,15.11,-16.83,0.0,212666737699.66
TCS60A0JQ9P9,SPBE,СПБ Биржа,3c0a45db-07c6-49e2-b74e-3f86e4815dbf,132843907,132843907.0,0.0,34725397289.8,54.19,1.58,9.46,2.97,0.7,0.0,3670398000.0,640860000.0,0.0,0.0,3550067.22,3518759.79,339.8,140.4,,15dc2120-29d2-48b8-87c0-da1d95255f68,0.0,1.53,0.0,RUB,0.0,0.0,0.0,0.0,0.0,0.0,,0.0,0.0,11559.8,4.82,0.0,0.0,1970-01-01T00:00:00+00:00,1970-01-01T00:00:00+00:00,1970-01-01T00:00:00+00:00,0.0,0.0,0.0,0.0,0.0,0.0,0.0,0.0,0.0,0.0,-22.11,0.0,734.29,0.0,-22.19,0.0,0.0,0.0
TCS10A0JNAB6,ABIO,Артген,4460b582-64d3-4bb1-a894-fca260b8dd82,92645451,92645451.0,0.18,6416623936.26,23.76,5.22,3.97,24.87,10.22,16.72,1615237000.0,270014000.0,531639000.0,43.24,144328.89,120961.25,105.0,62.92,,cbdf1d32-5758-490e-a2b1-780eaa79bdf7,0.0,0.42,0.0,RUB,0.0,0.0,0.0,0.0,0.0,0.0,,0.0,0.0,116.61,2.91,0.0,0.0,2024-06-17T00:00:00+00:00,1970-01-01T00:00:00+00:00,1970-01-01T00:00:00+00:00,0.0,0.0,1.08,0.0,0.0,0.0,310483000.0,0.0,0.0,0.0,11.18,20.67,82.09,0.0,8.82,101.46,0.0,6603773936.26
BBG000V07CB8,DVEC,ДЭК,2fb15bd6-7258-4841-becc-e18b14bd1175,17223107804,17223107804.0,0.06,33653952649.02,17.26,1.02,0.19,5.74,2.02,1.1,177188000000.0,1950000000.0,21855000000.0,66.26,3308222.22,2407791.67,2.73,1.57,,18fb3421-7637-48f1-b5b5-20a454e1af5b,0.0,0.6,0.0,RUB,0.0,0.0,147.22,0.17,8.53,0.17,,0.0,0.0,-133.14,0.11,0.0,0.0,2025-06-25T00:00:00+00:00,1970-01-01T00:00:00+00:00,1970-01-01T00:00:00+00:00,0.0,0.0,7.24,0.0,0.0,0.0,3298000000.0,0.0,0.0,0.0,12.25,10.2,35.58,0.0,15.61,-78.42,0.0,46254952649.02
TCS00A107RM8,ZAYM,МФК Займер,0bca9a7d-0080-4bae-ad16-dd118bfb7f06,100000000,100000000.0,0.15,14825000000.0,3.33,1.02,0.66,33.61,26.43,0.0,22344871000.0,4455524000.0,0.0,0.0,61491.11,75526.67,161.8,133.15,,1a7766fb-3aa9-4b20-8817-b9b7607c0e7b,0.0,0.3,0.0,RUB,0.0,0.0,56.83,25.32,17.08,25.32,,0.0,0.0,0.0,44.56,0.0,0.0,2025-12-15T00:00:00+00:00,1970-01-01T00:00:00+00:00,1970-01-01T00:00:00+00:00,0.0,0.0,16.43,0.0,0.0,0.0,0.0,0.0,0.0,0.0,1.38,0.0,0.0,0.0,11.38,0.0,0.0,0.0
BBG004S681W1,MTSS,МТС,eb85ff63-713d-4ace-b4c8-922c9a5fc812,1998381575,1998381575.0,0.41,455431160942.5,25.37,-104.82,0.59,-108.0,1.13,2.31,775853000000.0,17952000000.0,740363000000.0,-17039.42,1983540.0,2260390.83,258.2,188.7,,cd8063ad-73ad-4b31-bd0d-93138d9e99a2,0.0,0.47,0.0,RUB,0.0,0.0,389.61,35.0,15.36,35.0,,0.0,0.0,-6.89,8.98,0.0,0.0,2025-07-07T00:00:00+00:00,1970-01-01T00:00:00+00:00,1970-01-01T00:00:00+00:00,0.0,0.0,12.32,0.0,0.0,0.0,178030000000.0,0.0,0.0,0.0,16.13,2.56,47.81,0.0,9.61,95.67,0.0,1082742160942.5
TCS00A109B25,OZPH,Озон Фармацевтика,419d8670-b010-4cfb-a5a9-85832bbb0e80,1167690558,1167690558.0,0.13,61315431200.58,13.21,2.0,2.12,17.27,9.61,16.09,28858050000.0,4642665000.0,13109000000.0,42.74,2642896.67,1876856.67,63.72,42.43,,aeb8e3c7-b547-4073-b9cd-575590e1576d,0.0,0.51,0.0,RUB,0.0,0.0,24.85,1.05,2.0,1.05,,0.0,0.0,0.0,4.23,0.0,0.0,2026-01-12T00:00:00+00:00,1970-01-01T00:00:00+00:00,1970-01-01T00:00:00+00:00,0.0,0.0,2.15,0.0,0.0,0.0,0.0,0.0,0.0,0.0,29.6,0.0,0.0,0.0,13.14,0.0,0.0,71900431200.58
BBG00475JZZ6,FEES,ФСК Россети,fe38c295-6cdf-4108-a7c8-d259721b8977,2113460101477,2113460101477.0,0.16,160707506116.31,0.0,0.09,0.1,-4.6,-2.41,-5.2,1616211000000.0,-84008000000.0,733261000000.0,40.15,3156688888.89,3583071666.67,0.09,0.06,,88e130e8-5b68-4b05-b9ae-baf32f5a3f21,0.0,0.53,0.0,RUB,0.0,0.0,0.0,0.0,0.0,0.0,,218.84,474247000000.0,-234.89,-0.04,1.4,0.0,2021-07-15T00:00:00+00:00,1970-01-01T00:00:00+00:00,1970-01-01T00:00:00+00:00,0.0,0.0,8.11,0.0,0.0,0.0,-103389000000.0,1.06,0.0,0.0,9.21,-1.55,503.2,0.0,0.0,209.35,0.0,663496506116.31
TCS00A0HG6Z8,OBNE,Обьнефтегазгеология - ао,1ca70caa-56a5-405d-b906-6be375ff9a1b,2526406,,,,,,,,,,,,,,,,,,,ffac99ad-bafa-430e-9750-e77a43176ede,,,,,,,,,,,,,,,,,,,,,,,,,,,,,,,,,,,,,,
BBG000MZL0Y6,PMSB,Пермэнергосбыт,b481b02b-7b2e-4270-bd9a-194969ca8cde,36210960,36210960.0,0.07,24319280736.0,8.37,6.51,0.44,76.3,32.92,5.3,54817532000.0,2904569000.0,0.0,0.0,133355.56,78109.17,707.0,220.0,,4d8209f9-3b75-437d-ad5f-2906d56f27e9,0.0,0.32,0.0,RUB,0.0,0.0,78.54,63.0,9.38,63.0,,0.0,0.0,170.98,80.21,0.0,0.0,2025-12-19T00:00:00+00:00,1970-01-01T00:00:00+00:00,1970-01-01T00:00:00+00:00,0.0,0.0,10.87,0.0,0.0,0.0,2387331000.0,0.0,0.0,0.0,7.1,10.19,23.15,0.0,6.02,0.0,0.0,0.0
TCS00A10CRQ4,GLRX,ПАО Глоракс,6fff1a34-790f-4d18-b39f-869e1ab560b8,282812500,282812500.0,0.12,17376000000.0,0.0,3.77,0.0,0.0,0.0,0.0,0.0,0.0,68712606000.0,1489.89,238220.44,376614.21,69.64,56.85,,51be1fe4-9fe1-4626-9400-6cd1fb6286c5,0.0,0.0,0.0,RUB,0.0,0.0,0.0,0.0,0.0,0.0,,0.0,0.0,0.0,0.0,0.0,0.0,1970-01-01T00:00:00+00:00,1970-01-01T00:00:00+00:00,1970-01-01T00:00:00+00:00,0.0,0.0,0.0,0.0,0.0,0.0,0.0,0.0,0.0,0.0,0.0,0.0,0.0,0.0,0.0,0.0,0.0,83377562000.0
TCS10A0JR6A6,RBCM,РБК,79e2504b-d7f4-4c10-9b93-b26ed179b220,365631010,365631010.0,0.35,4162709048.85,0.0,1.55,0.0,-3.72,8.93,0.0,0.0,0.0,7738000000.0,288.62,1282088.89,1232408.33,18.09,10.2,,45fb6af4-9076-4268-b038-ab7f37d15ab2,0.0,0.99,0.0,RUB,0.0,0.0,0.0,0.0,0.0,0.0,,209.62,0.0,-109.66,0.0,0.0,0.0,1970-01-01T00:00:00+00:00,1970-01-01T00:00:00+00:00,1970-01-01T00:00:00+00:00,0.0,0.0,0.0,0.0,0.0,0.0,0.0,0.0,0.0,0.0,2.39,0.0,18.15,0.0,0.46,-12.41,0.0,8952709048.85
BBG004S687G6,MSRS,Россети Московский регион,e76b3967-dfa3-49a2-aa8a-8f67a0255f3c,48707091574,48707091574.0,0.11,83751843961.49,4.47,0.34,0.31,8.05,3.71,6.93,270710405000.0,18756950000.0,78507469000.0,32.27,21873444.44,20613041.67,1.75,1.03,,019029c2-6634-4536-a980-389575e09b74,0.0,0.58,0.0,RUB,0.0,0.0,39.09,0.15,8.75,0.15,,0.0,0.0,67.37,0.39,0.0,0.0,2025-07-08T00:00:00+00:00,1970-01-01T00:00:00+00:00,1970-01-01T00:00:00+00:00,0.0,0.0,8.38,0.0,0.0,0.0,-17718680000.0,0.0,0.0,0.0,8.58,-4.73,54.21,0.0,10.47,-22.14,0.0,154365671961.49
BBG004S68473,IRAO,Интер РАО ЕЭС,efee0066-e7ca-4f56-a671-b22135b0e042,104400000000,104400000000.0,0.32,369262800000.0,2.46,0.33,0.22,14.12,10.32,8.84,1700299000000.0,150389000000.0,20238000000.0,1.81,219845377.78,226489491.67,4.0,2.58,,2dfbc1fd-b92a-436e-b011-928c79e805f2,0.0,0.49,0.0,RUB,0.0,0.0,24.56,0.35,10.0,0.35,,22.43,189754000000.0,79.99,1.44,0.7,0.0,2025-06-09T00:00:00+00:00,1970-01-01T00:00:00+00:00,1970-01-01T00:00:00+00:00,0.0,0.0,6.41,0.0,0.0,0.0,-73013000000.0,-1.24,0.0,0.0,13.87,-5.06,50.03,0.0,0.0,234.8,0.0,133319800000.0
BBG002BCQK67,NSVZ,Наука-Связь,ab6b243d-5df0-4cf0-9337-c65d3019cfde,15701562,15701562.0,0.0,4624110009.0,16.78,1.24,0.47,7.45,2.78,2.82,9786360000.0,275568000.0,4147975000.0,110.95,20288.89,45537.5,414.5,218.0,,88c3b1dd-cf86-48b6-b479-464ce1149472,0.0,0.61,0.0,RUB,0.0,0.0,0.0,0.0,0.0,0.0,,0.0,1527666000.0,3725.04,17.55,5.67,0.0,2014-10-03T00:00:00+00:00,1970-01-01T00:00:00+00:00,1970-01-01T00:00:00+00:00,0.0,0.0,0.0,0.0,0.0,0.0,-735585000.0,2.64,0.0,0.0,38.15,-6.29,737.28,0.0,80.68,376.8,0.0,8660115009.0
TCS20A0J2QG8,BLNG,Белон,e6736c72-6619-4dbc-ae7f-af11e55510c1,1150000000,1150000000.0,0.17,14766000000.0,0.0,1.33,2382.0,-12.74,-12.15,-23842.22,6199000.0,-1477979000.0,0.0,0.0,546311.11,960658.33,19.36,10.63,,f93377cf-2944-47bb-a90f-25359d2f133c,0.0,0.95,0.0,RUB,0.0,0.0,0.0,0.0,0.0,0.0,,0.0,0.0,-432.0,-1.29,0.0,0.0,2009-05-06T00:00:00+00:00,1970-01-01T00:00:00+00:00,1970-01-01T00:00:00+00:00,0.0,0.0,0.0,0.0,0.0,0.0,-14283000.0,0.0,0.0,0.0,0.0,-1033.82,10.68,0.0,0.0,0.0,0.0,0.0
TCS03A108X38,X5,Корпоративный Центр Икс 5,64a6b345-a926-4517-ad52-d68bbc82ceb9,271572872,271572872.0,0.29,683956278132.0,8.7,4.03,0.15,33.5,4.43,1.75,4481849000000.0,78650000000.0,322986000000.0,190.3,794019.0,821762.33,3764.0,2346.0,,0964acd0-e2cb-4810-a177-ef4ad8856ff0,0.0,0.52,0.0,RUB,0.0,0.0,350.82,1016.0,40.34,1016.0,,0.0,138887000000.0,0.0,289.61,6.77,0.0,2026-01-06T00:00:00+00:00,1970-01-01T00:00:00+00:00,1970-01-01T00:00:00+00:00,0.0,0.0,19.18,0.0,0.0,0.0,70711000000.0,1.85,0.0,0.0,24.23,9.67,0.0,0.0,21.02,0.0,0.0,940498278132.0
BBG00475KKY8,NVTK,НОВАТЭК,2d850de1-466d-443d-b7fd-e78bf41146fb,3036306000,3036306000.0,0.21,3568570441800.0,9.46,1.2,2.23,13.09,10.14,23.6,1597767000000.0,377116000000.0,342711000000.0,11.52,2046985.89,1888588.25,1350.0,966.6,,0da66728-6c30-44c4-9264-df8fac2467ee,0.0,0.92,0.0,RUB,0.0,0.0,66.14,82.15,6.99,82.15,,118.5,998768000000.0,-43.38,124.2,3.68,0.0,2025-10-06T00:00:00+00:00,1970-01-01T00:00:00+00:00,1970-01-01T00:00:00+00:00,0.0,0.0,5.81,0.0,0.0,0.0,0.0,0.11,0.0,0.0,12.71,0.0,79.17,0.0,10.15,110.42,0.0,3676949441800.0
BBG002YFXL29,UNKL,ЮУНК,27505259-9ad1-43a8-b9ac-09385f3f2a29,599737,599737.0,0.0,3022674480.0,0.0,0.79,18.96,-4.98,-3.75,-119.73,159454000.0,-190920000.0,0.0,0.0,1552.56,1570.17,7550.0,3840.0,,69e56041-ddab-4151-9832-e0a1e9f83a42,0.0,0.78,0.0,RUB,0.0,0.0,0.0,0.0,0.0,0.0,,0.0,0.0,-318.03,-318.34,0.0,0.0,1970-01-01T00:00:00+00:00,1970-01-01T00:00:00+00:00,1970-01-01T00:00:00+00:00,0.0,0.0,0.0,0.0,0.0,0.0,0.0,0.0,0.0,0.0,-28.34,0.0,8.05,0.0,22.53,0.0,0.0,0.0
BBG000W325F7,AQUA,ИНАРКТИКА,be8e98b7-0f54-4d63-87dd-8ea7218b848f,87876649,87876649.0,0.2,43613180898.7,25.45,1.26,1.87,4.52,3.1,7.35,23326804000.0,1713792000.0,19984760000.0,57.9,84984.56,76195.17,776.0,466.5,,b83ab195-dcd2-4d44-b9bf-27fa294f19a0,0.0,0.41,0.0,RUB,0.0,0.0,51.28,10.0,2.01,10.0,,263.6,7563537000.0,138.24,19.5,7.61,0.0,2025-07-07T00:00:00+00:00,1970-01-01T00:00:00+00:00,1970-01-01T00:00:00+00:00,0.0,0.0,4.23,0.0,0.0,0.0,9842637000.0,1.84,0.0,0.0,10.76,4.43,258.54,0.0,25.64,242.41,0.0,57524566898.7
BBG004Z2RGW8,ROLO,Русолово,88d6ef5c-f342-4ac9-acbb-bf7167ba01fe,30001000000,30001000000.0,0.0,19572652400.0,0.0,5.75,2.32,-106.31,-13.76,-53.17,8451214000.0,-4493567000.0,20012235000.0,588.29,442415111.11,267586625.0,0.85,0.48,,eb05ebd4-a216-434b-bddd-69531f120ec9,0.0,0.91,0.0,RUB,0.0,0.0,0.0,0.0,0.0,0.0,,0.0,755835000.0,409.96,-0.15,52.25,0.0,1970-01-01T00:00:00+00:00,1970-01-01T00:00:00+00:00,1970-01-01T00:00:00+00:00,0.0,0.0,0.0,0.0,0.0,0.0,-10073889000.0,26.36,0.0,0.0,18.79,-1.94,-43.39,0.0,7.82,249.8,0.0,39495505400.0
BBG000RK52V1,OGKB,Вторая генерирующая компания оптового рынка электроэнергии,b2d2f248-421e-4ecb-b034-6848477699bc,136207331098,136207331098.0,0.15,49838262448.76,0.0,0.32,0.0,2.99,1.98,0.0,0.0,0.0,18459000000.0,11.97,164523111.11,164158958.33,0.45,0.31,,3d8f2777-4a11-4713-af60-8038d11e66fa,0.0,0.55,0.0,RUB,0.0,0.0,0.0,0.06,16.35,0.06,,108.97,0.0,45.29,0.0,0.0,0.0,2025-11-05T00:00:00+00:00,1970-01-01T00:00:00+00:00,1970-01-01T00:00:00+00:00,0.0,0.0,10.3,0.0,0.0,0.0,0.0,0.0,0.0,0.0,17.31,0.0,5.34,0.0,-0.39,-48.21,0.0,68285262448.76
BBG009GSYN76,CBOM,МКБ,e5008a9b-a7e2-4c45-a313-8b630b669f46,33429709866,33429709866.0,0.22,208801967823.04,9.63,0.55,0.26,6.06,0.43,0.0,800201000000.0,21674000000.0,0.0,0.0,9416000.0,11403987.5,10.89,5.98,,ebfda284-4291-4337-9dfb-f55610d0a907,0.0,0.9,0.0,RUB,0.0,0.0,0.0,0.0,0.0,0.0,,0.0,0.0,74.68,0.65,0.0,0.0,2019-06-06T00:00:00+00:00,1970-01-01T00:00:00+00:00,1970-01-01T00:00:00+00:00,0.0,0.0,0.0,0.0,0.0,0.0,0.0,0.0,0.0,0.0,56.67,0.0,326.89,0.0,50.05,0.0,0.0,0.0
BBG002W2FT69,ABRD,АбрауДюрсо,94c05ba6-beeb-417f-b1b1-d1cc4e0c70d1,108889117,108889117.0,0.0,18271593832.6,9.95,1.02,0.93,11.73,5.93,9.35,19647752000.0,1836844000.0,9369768000.0,52.23,46151.11,36945.42,235.4,150.0,,926fdfbf-4b07-47c9-8928-f49858ca33f2,0.0,0.78,0.0,RUB,0.0,0.0,26.73,5.01,2.99,5.01,,95.86,4307000000.0,44.15,18.74,6.25,0.0,2025-07-07T00:00:00+00:00,1970-01-01T00:00:00+00:00,1970-01-01T00:00:00+00:00,0.0,0.0,1.67,0.0,0.0,0.0,-2525383000.0,2.01,0.0,0.0,39.77,-7.24,113.81,0.0,19.15,160.65,0.0,26919742832.6
BBG004TC84Z8,TRMK,Трубная Металлургическая Компания,2b99e2d8-bc61-4e9c-a285-5e37345765fa,1052000000,1052000000.0,0.08,110670400000.0,0.0,2.07,0.22,-45.18,-4.52,-5.92,492426000000.0,-29161000000.0,352822000000.0,661.5,524934.44,412570.0,147.0,95.22,,278d9ccc-4dde-484e-bf79-49ce8f733470,0.0,0.57,0.0,RUB,0.0,0.0,0.0,0.0,0.0,0.0,,109.35,91455000000.0,-790.09,-27.72,4.45,0.0,2024-06-04T00:00:00+00:00,1970-01-01T00:00:00+00:00,1970-01-01T00:00:00+00:00,0.0,0.0,15.08,0.0,0.0,0.0,62507000000.0,3.24,0.0,0.0,-2.22,1.77,72.57,0.0,7.45,107.61,0.0,406880400000.0
TCS00A0ZZBC2,SOFL,Софтлайн,94ca791d-081c-47b4-a5a5-81e612893858,400002000,400002000.0,0.16,32456162280.0,10.71,1.43,0.4,16.17,3.57,3.77,80455000000.0,3030000000.0,23556000000.0,103.78,1074692.22,1027805.42,131.98,75.8,,ab1f751e-15b2-4c74-802c-1b3e8638c394,0.0,0.34,0.0,RUB,0.0,0.0,0.0,0.0,0.0,0.0,,0.0,7201000000.0,0.0,7.57,7.36,0.0,1970-01-01T00:00:00+00:00,1970-01-01T00:00:00+00:00,1970-01-01T00:00:00+00:00,0.0,0.0,0.0,0.0,0.0,0.0,-2516000000.0,2.86,0.0,0.0,10.86,-12.9,0.0,0.0,6.83,0.0,0.0,53020162280.0
BBG00475K6C3,CHMF,Северсталь,e72889a3-21db-4b2e-90bc-045ec3d28d04,837718660,837718660.0,0.23,829006385936.0,25.91,1.57,1.16,6.1,3.68,4.49,712896000000.0,31991000000.0,60059000000.0,11.37,893263.44,583793.63,1449.4,845.6,,fa6aae10-b8d5-48c8-bbfd-d320d925d096,0.0,0.72,0.0,RUB,0.0,0.0,0.0,0.0,0.0,0.0,,-21.22,137612000000.0,-56.34,38.19,6.18,0.0,2024-12-17T00:00:00+00:00,1970-01-01T00:00:00+00:00,1970-01-01T00:00:00+00:00,0.0,0.0,12.02,0.0,0.0,0.0,-49249000000.0,0.16,0.0,0.0,-14.09,-16.83,46.58,0.0,1.48,-68.97,0.0,850671385936.0
BBG004S68C39,LSRG,Группа ЛСР,a06c6407-e6ec-4d9e-852a-62621a183b2d,103030215,103030215.0,0.24,74573269617.0,3.44,0.62,0.3,17.41,4.03,8.65,250484000000.0,21655000000.0,288776000000.0,239.05,49944.78,65264.33,948.0,634.8,,b2db7bb1-6f04-4c3c-b910-fb7fd8aab52d,0.0,0.7,0.0,RUB,0.0,0.0,37.11,78.0,10.78,78.0,,243.1,73884000000.0,282.89,210.18,4.58,0.0,2025-04-29T00:00:00+00:00,1970-01-01T00:00:00+00:00,1970-01-01T00:00:00+00:00,0.0,0.0,8.04,0.0,0.0,0.0,-70595000000.0,3.57,0.0,0.0,1.71,-1.06,116.62,0.0,22.38,186.72,0.0,338446269617.0
TCS5407L2079,SFTL,Noventiq ГДР,c4bb2441-ce9a-4079-86ca-71e5d72ae44f,183492826,0.0,0.24,0.0,0.0,0.0,0.0,0.0,0.0,0.0,0.0,0.0,6752494759.9,29.77,0.0,0.0,208.6,187.9,,c1bcbfcd-e6cd-4706-a0f7-72500ffaf3d4,0.0,0.0,0.0,RUB,0.0,0.0,0.0,0.0,0.0,0.0,,0.0,0.0,0.0,0.0,0.0,0.0,1970-01-01T00:00:00+00:00,1970-01-01T00:00:00+00:00,1970-01-01T00:00:00+00:00,0.0,0.0,0.0,0.0,0.0,0.0,0.0,0.0,0.0,0.0,0.0,0.0,0.0,0.0,0.0,0.0,0.0,0.0
TCS00A107KX0,KLVZ,Кристалл,d78a1e99-f964-4067-b56c-6807135516e6,921052700,921052700.0,0.0,3028421277.6,29.04,1.36,0.85,6.09,2.18,2.92,3573283000.0,104279000.0,1330085000.0,59.56,985344.44,805029.17,4.75,2.99,,e3f629fd-367b-4dbd-922c-4a4c130c70ab,0.0,0.42,0.0,RUB,0.0,0.0,44.16,0.05,1.52,0.05,,0.0,0.0,0.0,0.11,0.0,0.0,2025-07-02T00:00:00+00:00,1970-01-01T00:00:00+00:00,1970-01-01T00:00:00+00:00,0.0,0.0,1.47,0.0,0.0,0.0,-892572000.0,0.0,0.0,0.0,157.57,-3.39,0.0,0.0,0.0,0.0,0.0,4337710277.6
BBG00R4Z2NT4,VEON-RX,VEON,387e6135-7334-4d9f-9306-6d5b07f97a23,1749127404,,,,,,,,,,,,,,,,,,,f1374f83-7934-41f7-a210-097ed5beecd5,,,,,,,,,,,,,,,,,,,,,,,,,,,,,,,,,,,,,,
TCS002614686,NTZL,НИТЕЛ,0b47f72d-7161-4d71-8b8f-8d0b876c978b,186933778,,,,,,,,,,,,,,,,,,,c09c1942-68a1-40c3-97e3-3a91ac08efe5,,,,,,,,,,,,,,,,,,,,,,,,,,,,,,,,,,,,,,
TCS00A107T19,YDEX,Яндекс,4b449b8c-7433-479f-9cad-53aa8226a28c,393959444,393959444.0,0.3,1865594947062.0,33.51,6.09,1.39,19.07,5.06,4.14,1345260000000.0,55668000000.0,255900000000.0,83.52,349798.33,357529.46,4828.0,3659.5,,7de75794-a27f-4d81-a39b-492345813822,0.0,0.7,0.0,RUB,0.0,0.0,111.82,160.0,3.38,160.0,,0.0,241701000000.0,0.0,143.09,7.94,0.0,2025-09-29T00:00:00+00:00,1970-01-01T00:00:00+00:00,1970-01-01T00:00:00+00:00,0.0,0.0,2.9,0.0,0.0,0.0,70261000000.0,0.23,0.0,0.0,0.0,26.55,0.0,0.0,0.0,0.0,0.0,1920194947062.0
BBG004S68758,BANE,Башнефть,09723c69-5011-4424-b8b2-4cffbb90e9c7,147846489,147846489.0,0.03,231084062307.0,2.22,0.26,0.2,12.11,9.03,9.09,1142767000000.0,103873000000.0,0.0,0.0,9773.33,12954.46,2849.5,1340.5,,0a55e045-e9a6-42d2-ac55-29674634af2f,0.0,0.46,0.0,RUB,0.0,0.0,20.97,147.31,9.42,147.31,,0.0,0.0,35.29,702.57,0.0,0.0,2025-07-14T00:00:00+00:00,1970-01-01T00:00:00+00:00,1970-01-01T00:00:00+00:00,0.0,0.0,8.54,0.0,0.0,0.0,88984000000.0,0.0,0.0,0.0,10.76,2.6,33.72,0.0,10.3,0.0,0.0,0.0
BBG004S683W7,AFLT,Аэрофлот,b647e8d7-46de-4f29-bb5a-a1e594063b2d,3975771215,3975771215.0,0.25,229600787666.25,2.24,4.97,0.26,-698.01,9.09,11.41,896711000000.0,102289000000.0,172890000000.0,374.62,18167656.67,17812318.75,78.45,49.42,,1c69e020-f3b1-455c-affa-45f8b8049234,0.0,0.73,0.0,RUB,0.0,0.0,20.48,5.27,9.13,5.27,,26.73,260709000000.0,307.19,25.73,1.34,0.0,2025-07-18T00:00:00+00:00,1970-01-01T00:00:00+00:00,1970-01-01T00:00:00+00:00,0.0,0.0,8.73,0.0,0.0,0.0,-28895000000.0,0.46,0.0,0.0,39.95,-7.95,26.39,0.0,20.33,282.9,0.0,348645787666.25
TCS50A102093,ELMT,Элемент,a4f07002-22b7-4181-a856-003062a1914c,469725539040,469725539040.0,0.0,60406704320.54,9.33,1.44,1.5,15.63,5.78,16.08,40255000000.0,6471000000.0,20391000000.0,48.62,111224888.89,288352916.67,0.17,0.11,,f1b89b92-51e2-4db5-89df-17c228aa41fd,0.0,0.25,0.0,RUB,0.0,0.0,25.66,0.0,2.75,0.0,,0.0,9043000000.0,0.0,0.01,5.67,0.0,2025-07-14T00:00:00+00:00,1970-01-01T00:00:00+00:00,1970-01-01T00:00:00+00:00,0.0,0.0,1.9,0.0,0.0,0.0,-12425000000.0,-1.01,0.0,0.0,23.01,-4.86,0.0,0.0,28.0,0.0,0.0,51305704320.54
BBG004S68CP5,MVID,М.Видео,fe8d49a4-3321-449b-bd08-02efbac878fe,179768227,179768227.0,0.21,14830878727.5,0.0,-2.08,0.04,275.57,-9.93,-8.3,420991000000.0,-34952000000.0,105190000000.0,-1474.08,1178114.44,771058.92,138.8,55.95,,cf1c6158-a303-43ac-89eb-9b1db8f96043,0.0,0.67,0.0,RUB,0.0,0.0,0.0,0.0,0.0,0.0,,-19.17,35004000000.0,-382.04,-194.43,3.26,0.0,2021-12-15T00:00:00+00:00,1970-01-01T00:00:00+00:00,1970-01-01T00:00:00+00:00,0.0,0.0,7.26,0.0,0.0,0.0,-31006000000.0,2.84,0.0,0.0,3.97,-0.48,23.66,0.0,-1.76,119.51,0.0,114143878727.5
BBG004S68DD6,MSTT,Мостотрест,848d25c1-1f02-4837-be67-a2a8da668561,282215500,282215500.0,0.03,35220494400.0,24.94,6.59,5.53,30.85,6.7,22.17,6371369000.0,1412401000.0,222154000.0,4.15,80853.33,83913.33,176.9,96.05,,3058acbe-11f6-4bcc-9a70-238e70c2c588,0.0,0.83,0.0,RUB,0.0,0.0,0.0,0.0,0.0,0.0,,0.0,0.0,-79.04,5.0,0.0,0.0,2019-12-20T00:00:00+00:00,1970-01-01T00:00:00+00:00,1970-01-01T00:00:00+00:00,0.0,0.0,0.0,0.0,0.0,0.0,-615532000.0,0.0,0.0,0.0,-5.02,-57.22,-97.41,0.0,0.0,-99.73,0.0,34763779400.0
BBG004S68598,MTLR,Мечел,b9f09cfa-1099-4691-a981-8b1a4c0c72f3,416270745,416270745.0,0.43,30920590938.6,0.0,-0.22,0.09,58.27,-24.6,-18.21,333816000000.0,-60800000000.0,226870000000.0,-162.18,5573051.33,4906611.5,131.9,61.91,,eb4ba863-e85f-4f80-8c29-f2627938ee58,0.0,0.94,0.0,RUB,0.0,0.0,0.0,0.0,0.0,0.0,,4.63,28786000000.0,-946.46,-146.06,8.94,0.0,2012-05-21T00:00:00+00:00,1970-01-01T00:00:00+00:00,1970-01-01T00:00:00+00:00,0.0,0.0,0.0,0.0,0.0,0.0,62250000000.0,7.86,0.0,0.0,-4.54,0.5,30.65,0.0,-1.23,-40.59,0.0,257302590938.6
TCS00A108GD8,IVAT,IVA Technologies,6bbdf1c2-3c56-4d1f-846c-106bf6a8ab82,100000000,100000000.0,0.11,16405000000.0,9.61,3.03,4.93,36.03,25.65,51.28,3327877000.0,1706461000.0,503128000.0,9.3,719506.89,926486.63,228.4,116.2,,1936e51c-d914-4171-ac66-6390a605cb5b,0.0,0.42,0.0,RUB,0.0,0.0,0.0,0.0,0.0,0.0,,0.0,0.0,0.0,17.06,0.0,0.0,1970-01-01T00:00:00+00:00,1970-01-01T00:00:00+00:00,1970-01-01T00:00:00+00:00,0.0,0.0,0.0,0.0,0.0,0.0,444226000.0,0.0,0.0,0.0,35.58,36.93,0.0,0.0,81.27,0.0,0.0,16809549000.0
BBG004S688G4,AKRN,Акрон,b01baaa2-61f7-4f85-9db7-8e4608d945a1,36757156,36757156.0,0.05,684785816280.0,14.56,3.08,2.94,21.78,11.31,20.18,233027000000.0,47017000000.0,139411000000.0,62.75,419.56,370.08,18830.0,15334.0,,cd3affd4-3b50-43fd-b008-518f54108d59,0.0,0.21,0.0,RUB,0.0,0.0,56.52,723.0,3.88,723.0,,69.85,87661000000.0,23.13,1279.13,9.17,0.0,2025-12-09T00:00:00+00:00,1970-01-01T00:00:00+00:00,1970-01-01T00:00:00+00:00,0.0,0.0,4.82,0.0,0.0,0.0,4389000000.0,1.36,0.0,0.0,10.43,156.02,72.57,0.0,0.0,100.41,0.0,803863816280.0
TCS00Y3XYV94,MDMG,Мать и дитя,6321ea79-6930-45fc-9425-85c214259756,75125010,75125010.0,0.27,114362802723.0,11.05,3.36,3.12,33.2,23.43,28.27,36626811000.0,10353166000.0,0.0,0.0,68781.56,93449.0,1559.1,940.5,,0d53d29a-3794-41c6-ba72-556d46bacb46,0.0,0.35,0.0,RUB,0.0,0.0,46.44,64.0,4.2,64.0,,0.0,11443000000.0,0.0,137.81,0.0,0.0,2025-10-20T00:00:00+00:00,1970-01-01T00:00:00+00:00,1970-01-01T00:00:00+00:00,0.0,0.0,12.37,0.0,0.0,0.0,9207762000.0,0.0,0.0,0.0,19.87,12.42,0.0,0.0,0.0,0.0,0.0,0.0
BBG0063FKTD9,LENT,Лента,7fe69b86-1095-48e9-91b9-ca7f742cc977,115985197,115985197.0,0.21,246584528822.0,9.29,1.51,0.25,17.72,5.52,2.68,988638095000.0,26529758000.0,100100801000.0,61.3,76047.67,65643.92,2266.0,1284.0,,5f1e6b0a-4413-489c-b336-40b43730eaf5,0.0,0.52,0.0,RUB,0.0,0.0,0.0,0.0,0.0,0.0,,122.96,100660475000.0,-904.02,228.73,3.14,0.0,1970-01-01T00:00:00+00:00,1970-01-01T00:00:00+00:00,1970-01-01T00:00:00+00:00,0.0,0.0,0.0,0.0,0.0,0.0,41784625000.0,0.69,0.0,0.0,44.22,5.9,112.77,0.0,22.47,-40.93,0.0,315749559822.0
RU000A106T36,ASTR,Группа Астра,f18c4667-9641-467c-9ca5-f1e0e8cd1181,210000000,210000000.0,0.15,55072500000.0,11.36,6.81,2.89,64.83,28.91,25.45,19052363000.0,4848938000.0,4289022000.0,53.02,646747.89,946822.33,528.45,242.8,,aae786d8-e8f4-4428-91bb-cffa39ad01e4,0.0,0.39,0.0,RUB,0.0,0.0,13.63,3.15,1.2,3.15,,0.0,6533593000.0,0.0,23.09,8.86,0.0,2025-07-10T00:00:00+00:00,1970-01-01T00:00:00+00:00,1970-01-01T00:00:00+00:00,0.0,0.0,1.39,0.0,0.0,0.0,903662000.0,0.43,0.0,0.0,80.35,60.94,0.0,0.0,99.74,0.0,0.0,57896348000.0
BBG000LWNRP3,RKKE,РКК Энергия им.С.П.Королева,1d886f38-7ed5-41bb-97de-199746df7246,1842049,1842049.0,0.0,31130628100.0,39.03,-17.6,0.62,-33.22,0.7,1.6,49836511000.0,797703000.0,27911377000.0,-1578.11,652.0,609.46,29050.0,13600.0,,303100b7-4c5c-4fea-8834-d0b675855527,0.0,0.49,0.0,RUB,0.0,0.0,0.0,0.0,0.0,0.0,,0.0,0.0,58.72,440.46,0.0,0.0,2016-07-13T00:00:00+00:00,1970-01-01T00:00:00+00:00,1970-01-01T00:00:00+00:00,0.0,0.0,0.0,0.0,0.0,0.0,7689238000.0,0.0,0.0,0.0,0.09,4.05,1.2,0.0,0.0,24.06,0.0,41595582100.0
BBG000VH7TZ8,MRKC,Россети Центр,188f2264-e86c-477c-99d0-1233b56ba753,42217941468,42217941468.0,0.33,37962372968.03,4.06,0.53,0.26,13.89,5.82,6.33,147729054000.0,9350600000.0,44307363000.0,62.15,55921666.67,50015125.0,0.95,0.5,,e79680ec-c32b-4b14-bf6f-8ef6e143a41b,0.0,0.61,0.0,RUB,0.0,0.0,30.54,0.07,7.52,0.07,,116.93,38828508000.0,108.06,0.22,1.92,0.0,2025-06-25T00:00:00+00:00,1970-01-01T00:00:00+00:00,1970-01-01T00:00:00+00:00,0.0,0.0,10.03,0.0,0.0,0.0,1492988000.0,0.95,0.0,0.0,7.55,25.43,45.97,0.0,8.52,-4.79,0.0,74680821968.03
BBG002B9MYC1,KAZT,КуйбышевАзот,c7c8d0b0-6bb7-4b69-8341-13d2d91e6f8d,176582530,176582530.0,0.0,73211116938.0,7.87,0.75,0.9,9.92,6.41,11.41,81446000000.0,9297000000.0,36332000000.0,37.45,7588.89,7539.58,593.0,400.8,,31defde8-cdc3-42bb-96bd-e2b42e825b62,0.0,0.46,0.0,RUB,0.0,0.0,16.37,6.5,1.57,6.5,,0.0,0.0,391.94,39.71,0.0,0.0,2025-09-23T00:00:00+00:00,1970-01-01T00:00:00+00:00,1970-01-01T00:00:00+00:00,0.0,0.0,4.48,0.0,0.0,0.0,7700000000.0,0.0,0.0,0.0,0.08,9.51,41.02,0.0,-2.53,55.33,0.0,83604116938.0
BBG002B298N6,YAKG,ЯТЭК,f8eb2e95-6783-43ef-ba32-53981256bbd9,826919375,826919375.0,0.0,39940205812.5,46.5,2.19,4.31,4.89,2.73,9.28,9261000000.0,859000000.0,8121000000.0,44.53,106604.44,69440.42,76.35,40.1,,6e24431b-12fc-423b-b566-f2919ebd5a53,0.0,0.55,0.0,RUB,0.0,0.0,0.0,0.0,0.0,0.0,,0.0,0.0,-39.2,1.04,0.0,0.0,2021-04-23T00:00:00+00:00,1970-01-01T00:00:00+00:00,1970-01-01T00:00:00+00:00,0.0,0.0,0.51,0.0,0.0,0.0,845000000.0,0.0,0.0,0.0,5.24,47.27,32.83,0.0,3.67,-32.62,0.0,46871205812.5
BBG000Q7GG57,TGKB,ТГК-2,55bb33e5-da31-46bb-8693-d3e9789d9302,1458404850747,1458404850747.0,0.21,11185965205.23,0.0,1.01,0.18,-2.61,-0.68,-0.56,60745796000.0,-341960000.0,13328265000.0,120.32,1957666666.67,1288708333.33,0.01,0.01,,ba9b6eb4-614c-4be8-bdba-dd86cdfece64,0.0,0.89,0.0,RUB,0.0,0.0,0.0,0.0,0.0,0.0,,0.0,0.0,-254.93,0.0,0.0,0.0,2008-04-01T00:00:00+00:00,1970-01-01T00:00:00+00:00,1970-01-01T00:00:00+00:00,0.0,0.0,0.0,0.0,0.0,0.0,6846897000.0,0.0,0.0,0.0,12.24,1.63,36.24,0.0,4.6,-14.05,0.0,23561676205.23
BBG00F9XX7H4,RNFT,РуссНефть,0825af01-3cd6-4b41-bfe6-a6e6973e8191,294120000,294120000.0,0.26,35220870000.0,1.3,0.27,0.13,21.25,7.96,9.92,272459000000.0,27037000000.0,66208000000.0,49.99,6339522.44,4793791.67,170.2,90.15,,c7485564-ed92-45fd-a724-1214aa202904,0.0,0.88,0.0,RUB,0.0,0.0,0.0,0.0,0.0,0.0,,0.0,0.0,141.02,91.93,0.0,0.0,1970-01-01T00:00:00+00:00,1970-01-01T00:00:00+00:00,1970-01-01T00:00:00+00:00,0.0,0.0,0.0,0.0,0.0,0.0,25465000000.0,0.0,0.0,0.0,25.71,1.38,60.38,0.0,3.67,11.79,0.0,101087870000.0
TCS03A0ZYD22,GTRK,ГТМ,53de5667-550e-497c-9204-a68ca94cd695,58462120,58462120.0,0.2,9546864196.0,0.0,2.06,1.63,-38.18,-16.88,-37.43,5848353000.0,-2189151000.0,3579255000.0,77.28,188657.78,192457.92,358.5,153.6,,9e69afb6-4561-4fc2-b63b-b181e3f9ecdc,0.0,0.81,0.0,RUB,0.0,0.0,0.0,0.0,0.0,0.0,,0.0,0.0,-516.05,-37.45,0.0,0.0,2019-06-28T00:00:00+00:00,1970-01-01T00:00:00+00:00,1970-01-01T00:00:00+00:00,0.0,0.0,0.0,0.0,0.0,0.0,-2843231000.0,0.0,0.0,0.0,-46.59,-3.36,11.75,0.0,-4.98,-3.71,0.0,12907965196.0
BBG004S681B4,NLMK,НЛМК,fb0fb8a8-fcd5-4f78-b5aa-73b3be9f4454,5993227240,5993227240.0,0.21,679272375381.6,7.98,0.78,0.75,10.17,7.81,9.45,900512000000.0,85125000000.0,67976000000.0,7.85,9807021.11,6535137.08,168.2,94.58,,161eb0d0-aaac-4451-b374-f5d0eeb1b508,0.0,0.81,0.0,RUB,0.0,0.0,0.0,0.0,0.0,0.0,,54.74,184833000000.0,40.34,14.2,3.61,0.0,2024-05-27T00:00:00+00:00,1970-01-01T00:00:00+00:00,1970-01-01T00:00:00+00:00,0.0,0.0,9.89,0.0,0.0,0.0,10516000000.0,-0.06,0.0,0.0,4.94,64.59,43.35,0.0,-6.36,-57.24,0.0,667426375381.6
BBG000TY1CD1,BELU,Novabev Group,f4a0d2ed-a011-4ea3-a530-367e8fd0cdfb,126400000,126400000.0,0.24,56374400000.0,12.06,2.34,0.38,18.41,4.17,3.17,147517000000.0,4673000000.0,33106000000.0,137.7,516844.22,345833.21,602.0,367.6,,974077c4-d893-4058-9314-8f1b64a444b8,0.0,0.29,0.0,RUB,0.0,0.0,121.72,45.0,10.09,45.0,,187.27,20322000000.0,-59.98,36.97,3.49,0.0,2025-10-17T00:00:00+00:00,1970-01-01T00:00:00+00:00,1970-01-01T00:00:00+00:00,0.0,0.0,8.39,0.0,0.0,0.0,16515000000.0,0.72,0.0,0.0,15.89,3.41,155.24,0.0,21.82,129.17,0.0,70997400000.0
BBG000QF1Q17,FESH,ДВМП,5bed2760-74b8-498f-9e3f-0bdb5002e551,2951250000,2951250000.0,0.07,162289237500.0,6.67,1.07,0.84,15.96,9.77,12.52,194314000000.0,24336000000.0,30519000000.0,20.03,1703123.33,1087645.83,73.1,45.54,,11bc2246-6fde-4478-93f1-4ab90ceb4a51,0.0,0.7,0.0,RUB,0.0,0.0,0.0,0.0,0.0,0.0,,0.0,56213000000.0,-1479.37,8.25,2.98,0.0,1970-01-01T00:00:00+00:00,1970-01-01T00:00:00+00:00,1970-01-01T00:00:00+00:00,0.0,0.0,0.0,0.0,0.0,0.0,33593000000.0,0.1,0.0,0.0,7.54,4.83,226.4,0.0,17.61,0.0,0.0,167713237500.0
BBG0100R9963,SGZH,Сегежа,9f1ce2d9-a6e9-421f-8451-14207ba5830a,78450000000,78450000000.0,0.05,98062500000.0,0.0,1.74,1.04,-156.1,-19.4,-41.97,94240000000.0,-39556000000.0,98425000000.0,175.01,175529233.33,106145308.33,2.2,1.12,,7bedd86b-478d-4742-a28c-29d27f8dbc7d,0.0,1.03,0.0,RUB,0.0,0.0,0.0,0.0,0.0,0.0,,0.0,0.0,-568.96,-2.52,0.0,0.0,2022-06-01T00:00:00+00:00,1970-01-01T00:00:00+00:00,1970-01-01T00:00:00+00:00,0.0,0.0,10.96,0.0,0.0,0.0,-28168000000.0,0.0,0.0,0.0,15.16,-3.48,74.2,0.0,3.3,258.82,0.0,183851500000.0
BBG000VJMH65,MRKS,Россети Сибирь,190c521c-6374-4e8b-93c6-eabf7aa7fa4c,94815163249,94815163249.0,0.03,57789842000.27,0.0,4.26,0.57,-4.47,-0.66,-0.62,100626713000.0,-622817000.0,50823473000.0,374.52,39229888.89,24383875.0,0.7,0.41,,b135075c-3a05-42cf-8f55-86674d63a49d,0.0,0.49,0.0,RUB,0.0,0.0,0.0,0.0,0.0,0.0,,83.6,13964699000.0,-303.86,-0.01,7.7,0.0,2020-01-13T00:00:00+00:00,1970-01-01T00:00:00+00:00,1970-01-01T00:00:00+00:00,0.0,0.0,1.06,0.0,0.0,0.0,-7791128000.0,3.56,0.0,0.0,11.92,-7.42,31.28,0.0,8.53,36.3,0.0,107547941000.27
BBG004731032,LKOH,ЛУКОЙЛ,f898047a-dac8-4717-a40f-7f11211139ef,692865762,692865762.0,0.55,3623341502379.0,6.61,0.65,0.46,8.66,6.42,6.95,7889690000000.0,548570000000.0,344678000000.0,6.14,799659.11,680860.79,7981.5,4815.0,,02cfdf61-6298-4c0f-a9ca-9cabc82afaf3,0.0,0.65,0.0,RUB,0.0,0.0,118.47,938.0,17.94,938.0,,44.42,1406709000000.0,32.59,791.74,2.47,0.0,2026-01-12T00:00:00+00:00,1970-01-01T00:00:00+00:00,1970-01-01T00:00:00+00:00,0.0,0.0,11.94,0.0,0.0,0.0,878176000000.0,-0.1,0.0,0.0,8.74,4.13,9.95,0.0,-2.96,-43.64,0.0,3479772502379.0
TCS00A107J11,DELI,Делимобиль,8f07f088-1126-4f9b-bb3b-97deddab9391,175849057,175849057.0,0.09,18604830230.6,0.0,4.37,0.62,-42.42,-6.38,-8.19,29913000000.0,-2449000000.0,15352000000.0,360.88,80971.22,87214.75,225.8,99.0,,df58ca03-aed0-4e1c-97fb-54a01dfb539e,0.0,0.66,0.0,RUB,0.0,0.0,0.0,0.0,0.0,0.0,,0.0,4805000000.0,0.0,-13.93,7.03,0.0,2024-10-07T00:00:00+00:00,1970-01-01T00:00:00+00:00,1970-01-01T00:00:00+00:00,0.0,0.0,0.47,0.0,0.0,0.0,4098000000.0,3.16,0.0,0.0,33.61,4.54,0.0,0.0,0.0,0.0,0.0,33771830230.6
TCS00A0JVJQ8,MGKL,МГКЛ,b27da9b1-d51c-4ae2-91bb-a2873992a46c,1268545000,1268545000.0,0.0,3019137100.0,7.68,2.86,0.35,47.53,9.36,0.0,8702506000.0,393360000.0,0.0,0.0,2201914.29,1865813.04,2.75,1.87,,4dc99cf8-cb71-4dca-a74d-f70483f4d7a7,0.0,0.38,0.0,RUB,0.0,0.0,74.17,0.23,9.66,0.23,,0.0,0.0,2826.85,0.31,0.0,0.0,2025-07-05T00:00:00+00:00,1970-01-01T00:00:00+00:00,1970-01-01T00:00:00+00:00,0.0,0.0,3.2,0.0,0.0,0.0,0.0,0.0,0.0,0.0,659.4,0.0,2791.09,0.0,174.15,0.0,0.0,0.0
TCS009046502,UDMN,Удмуртнефть,6493c12b-0671-4fe2-9d5e-fc0b1663aa92,3562066,3562066.0,0.0,94765203864.0,3.39,1.48,0.53,46.4,27.57,15.5,180308920000.0,27944154000.0,137904000.0,0.22,7.5,6.23,32899.93,24500.03,,42f11771-17c4-45d2-8fc5-153585b5c187,0.0,0.29,0.0,RUB,0.0,0.0,35.73,2803.2,10.54,2803.2,,0.0,0.0,0.0,7844.93,0.0,0.0,2026-01-16T00:00:00+00:00,1970-01-01T00:00:00+00:00,1970-01-01T00:00:00+00:00,0.0,0.0,8.33,0.0,0.0,0.0,22721165000.0,0.0,0.0,0.0,87.89,4.17,0.0,0.0,0.0,0.0,0.0,75059517864.0
BBG004S68BR5,NMTP,НМТП,84cd22cb-6bbf-42cc-944c-e57af772d3d5,19259815400,19259815400.0,0.1,169390076443.0,0.0,0.91,0.0,23.95,18.04,0.0,0.0,0.0,14553000000.0,7.85,7961744.44,6388637.5,11.0,8.05,,93ed8e88-2de2-4aec-a920-3384d24ecb2a,0.0,0.3,0.0,RUB,0.0,0.0,0.0,0.96,10.88,0.96,,0.0,0.0,-38.07,0.0,0.0,0.0,2025-07-14T00:00:00+00:00,1970-01-01T00:00:00+00:00,1970-01-01T00:00:00+00:00,0.0,0.0,8.34,0.0,0.0,0.0,0.0,0.0,0.0,0.0,5.44,0.0,26.84,0.0,0.0,-78.87,0.0,161895076443.0
BBG000QFH687,TGKA,ТГК-1,8558bad9-44a4-4f91-bca7-9c6e8bcd454f,3854341416571,3854341416571.0,0.19,30302832217.08,0.0,0.19,0.0,4.96,3.79,0.0,0.0,0.0,16683000000.0,10.68,60847333333.33,28735237500.0,0.01,0.01,,d74daf58-22c3-4e44-8ada-471e404fb795,0.0,0.5,0.0,RUB,0.0,0.0,0.0,0.0,0.0,0.0,,0.0,0.0,33.62,0.0,0.0,0.0,2021-07-02T00:00:00+00:00,1970-01-01T00:00:00+00:00,1970-01-01T00:00:00+00:00,0.0,0.0,8.31,0.0,0.0,0.0,0.0,0.0,0.0,0.0,15.06,0.0,29.65,0.0,3.42,-36.46,0.0,46816832217.08
BBG000C7P5M7,MRKY,Россети Юг,8a41634f-7e22-465c-b8f1-4b9d5292f973,151641426354,151641426354.0,0.39,13397520018.38,1.68,1.04,0.18,85.23,14.44,10.55,75780886000.0,7994977000.0,23934210000.0,185.74,92900000.0,61047500.0,0.1,0.06,,c41a8e78-e4ee-4aa1-869a-9eff103b260a,0.0,0.58,0.0,RUB,0.0,0.0,0.0,0.0,0.0,0.0,,1157.63,19062619000.0,-287.87,0.05,1.83,0.0,2019-06-18T00:00:00+00:00,1970-01-01T00:00:00+00:00,1970-01-01T00:00:00+00:00,0.0,0.0,0.0,0.0,0.0,0.0,-589578000.0,1.12,0.0,0.0,10.54,-22.72,48.39,0.0,9.1,39.22,0.0,34797119018.38
TCS10A10A0J4,JETL,Джетленд Холдинг,fbd323fd-389c-494a-8a19-a76f36bceb35,100000000,104857538.0,0.0,3050305780.42,0.0,38.45,5.22,-745.02,-181.27,-64.76,584331000.0,-378411000.0,101010000.0,127.34,117909.33,151278.72,35.2,21.4,,34f51a49-919b-4eb1-9ed0-59c26f4cdc1e,0.0,0.15,0.0,RUB,0.0,0.0,0.0,0.0,0.0,0.0,,0.0,0.0,0.0,-3.61,0.0,0.0,1970-01-01T00:00:00+00:00,1970-01-01T00:00:00+00:00,1970-01-01T00:00:00+00:00,0.0,0.0,0.0,0.0,0.0,0.0,-191097000.0,0.0,0.0,0.0,0.0,-15.96,0.0,0.0,0.0,0.0,0.0,3086460780.42
